,title,link,description
0,프라이빗 룸있는 역삼역 회식장소,https://blog.naver.com/vnawmd9233/222958363823,
1,역삼역 중식당 차이들 언주점 재방문 후기,https://blog.naver.com/sonbogong/222989812788,
2,역삼역 고기집 대작 돼지갈비 연말모임 장소,https://blog.naver.com/kizaki56/222945638980,
3,역삼역 닭갈비 : 부담없이 먹기 좋은 저녁 메뉴 닭갈비... ,https://blog.naver.com/hahaha_1226/222987731681,
4,고즈넉한 분위기의 역삼역 고기집 조선부뚜막 추천,https://blog.naver.com/afineday2/222967406337,
5,"[역삼역 미용실] 여자헤어, 헤어복구클리닉 후기, 선릉역 미용실... ",https://blog.naver.com/haejunge/222986302279,
6,역삼역 곱창 쫄깃하고 고소해!,https://blog.naver.com/dbtkddk85/222969054059,
7,기대이상을 보여준 역삼역 점심 맛집,https://blog.naver.com/miroir79/222962106966,
8,서울 역삼역 디저트 카페 맛집 티라미슈 플랫화이트 지오바네커피,https://blog.naver.com/and0305/222968517322,
9,역삼역 고깃집 솥뚜껑삼겹살 조선부뚜막 고기 맛집으로 강추해요,https://blog.naver.com/tarames/222973762546,
10,역삼역 샐러드 추천 - 바디쉐프 // 집 주변에도 하나 생기면 좋겠다,https://blog.naver.com/kindly_/222979553726,
11,선릉 데이트 맛집 역삼역 우미돈 블랙 디너코스 A,https://blog.naver.com/seeun_papa/222961333506,
12,역삼역 미용실 추천 이플헤어에서 인생 긴머리펌 한 후기,https://blog.naver.com/88leesomin/222969691986,
13,역삼역 삼겹살 점심에 먹는 솥뚜껑 삼겹살이 꿀맛!,https://blog.naver.com/ebvvley/222973769144,
14,담백했던 역삼역 회식장소,https://blog.naver.com/ganesh79/222979033592,
15,역삼역 고기맛집 칠성집 갈매기 고기 전메뉴 격파 내돈내산 후기,https://blog.naver.com/black585/222989822987,
16,역삼동사무실임대 미드타운센터 역삼역 역세권,https://blog.naver.com/smspkkb/222988933954,
17,역삼역 역세권 60평 인테리어 사무실,https://blog.naver.com/idpelsia/222979369186,
18,역삼역 고기집 세청집 삼겹살 냉삼,https://blog.naver.com/ccamjigi77/222973515942,
19,블루비 b 임대 역삼역   24시간 개방 사무실      다용도 추천해요,https://blog.naver.com/pybboss/222989743387,
20,[역삼역 닭갈비] 장인닭갈비 강남점 대만족 점심 후기,https://blog.naver.com/wlsduddlxn/222987647502,
21,[뷰티] 강남역 역삼역 고주파 체형관리 라엘보떼 - 지방흡입... ,https://blog.naver.com/myheaven87/222983830954,
22,역삼역 고기 연말 회식하기 좋은 전복삼합 맛집,https://blog.naver.com/rodin33/222955295507,
23,메가존빌딩 임대 역삼역 인테리어 사무실,https://blog.naver.com/ckdaecheol/222982671306,
24,역삼역 일식 츄라우미에서 옴뇸,https://blog.naver.com/jiinn0126/222899754096,
25,0106 강남역/역삼역 키토김밥 맛집 보슬보슬,https://blog.naver.com/p_radn/222978468886,
26,"역삼역 왁싱, 리브왁싱 브라질리언 휴가 준비",https://blog.naver.com/lemonic119/222951681852,
27,역삼역 초밥 가성비와 판타스틱함을 갖춘 백초밥.,https://blog.naver.com/seokita1/222960206101,
28,역삼역 소고기 맛집 푸짐하게 즐긴 삼합구이!,https://blog.naver.com/sil6789/222973487008,
29,역삼역 수제버거 맛집! 버거베어 아크플레이스,https://blog.naver.com/black585/222959826011,
30,"테헤란로 이면, 역삼역 97평 사무실 임대",https://blog.naver.com/idpelsia/222967534795,
31,역삼역 맛집 달래해장 역삼GS타워점,https://blog.naver.com/choi6048/222972313568,
32,역삼역 분위기 좋은 고기집 맛집 푸에르코,https://blog.naver.com/ccamjigi77/222976449219,
33,강남역맛집 점심 모임 추천은 역삼역 닭갈비 장인닭갈비,https://blog.naver.com/leekoo0904/222988255619,
34,역삼역 점심 맛집 : 조선 부뚜막 돼지 한상차림,https://blog.naver.com/ninemc_ky/222966420004,
35,역삼역 고기집 우륵 부드러운 양념소갈비!,https://blog.naver.com/house5213/222954123593,
36,역삼역 호돌이반점- 이 동네에서 인기 많은 중국집,https://blog.naver.com/sagak815/222715636068,
37,역삼역 고기 먹어보았나 한우삼합!,https://blog.naver.com/jw4055/222838471508,
38,역삼역 술집 수제순대 막걸리 맛집 근성순대,https://blog.naver.com/lux03300/222972124885,
39,역삼역 맛집 복돈이육회해물포차,https://blog.naver.com/hyein811/222972315490,
40,성지하이츠2  임대 매매 역삼역 테헤란로  대로변 오피스텔... ,https://blog.naver.com/pybboss/222987632711,
41,역삼역 고기집 &quot;돈육지존&quot;뼈삼겹살 이영자맛집,https://blog.naver.com/yoorican/222975202185,
42,호랑이도 도망가지 않았을 역삼역 맛집 / 계림,https://blog.naver.com/elyann/222988496608,
43,353.CAFE-역삼역CAFE-해머스미스커피(Hammersmith Coffee)... ,https://blog.naver.com/ahirity/222979909912,
44,역삼 브런치 &lt;카페413프로젝트&gt; 역삼역 소개팅 및 데이트... ,https://blog.naver.com/ksh1992001/222987393820,
45,역삼역 떡볶이 분식 봉구가래떡볶이 강남역삼점,https://blog.naver.com/ccamjigi77/222953394904,
46,역삼역 평양냉면 &lt;류경회관&gt;,https://blog.naver.com/bubble_latte/222966162025,
47,역삼역 가성비 호텔 역삼브라운도트 / 친구랑 호캉스 추천,https://blog.naver.com/dkssudhw70/222990561276,
48,역삼동 669-13번지 임대 | 역삼역 사무실 임대,https://blog.naver.com/bdrsquare/222989750914,
49,역삼역 술집 달래해장 역삼 연말 모임 추천,https://blog.naver.com/youliyan/222965518334,
50,"역삼역 곰탕 맛집, 거자필반 역삼점(곰탕 + 갈비탕 = 갈비곰탕)",https://blog.naver.com/hi_jubilee/222965857078,
51,강남파이낸스센터 임대 GFC빌딩 역삼역 사무실,https://blog.naver.com/smspkkb/222987271411,
52,역삼역 수제맥주 맛집 케그브루 역삼점 치샐세트 먹은 후기,https://blog.naver.com/kiki2a/222966697782,
53,아로마빌 임대          역삼역 사무실 빌딩 소개해요,https://blog.naver.com/pybboss/222989595272,
54,"역삼역 닭갈비 맛있는 곳, 저녁 모임으로 많이 찾는 장인닭갈비",https://blog.naver.com/aro_7/222985914057,
55,비밀스런 역삼역 맛집 프라이빗 일식당 기무 VIP 오마카세... ,https://blog.naver.com/semins77/222939230696,
56,역삼역 이자카야 츄라우미에서 한잔,https://blog.naver.com/p03kiwon03/222950998662,
57,역삼역 맛집 강남제비에서 손수제비 먹기,https://blog.naver.com/jjohn89/222987709657,
58,역삼역 맛집 대우부대찌개 / 막돼먹은 비주얼로 강남을 제패한... ,https://blog.naver.com/elyann/222906827064,
59,성지하이츠3 임대 중개   역삼역 업무용 오피스텔    빌딩... ,https://blog.naver.com/pybboss/222988896889,
60,강남역/역삼역 직장인 점심 온 밥 추천(18) : 보슬보슬,https://blog.naver.com/killlifes/222983433593,
61,역삼역 맛집! 해장국이 아쉽던 밥집 달래해장,https://blog.naver.com/11167/222975098761,
62,강남역/역삼역 직장인 점심 혼밥 추천(15) : 나이스샤워 (텐동),https://blog.naver.com/killlifes/222957960431,
63,"SI타워 임대 역삼역 사무실, 테헤란로 대형빌딩",https://blog.naver.com/smspkkb/222962929396,
64,역삼역 덮밥 토끼회관에서 혼밥한 후기! 대박맛집 인정,https://blog.naver.com/ryuel5/222956239247,
65,"[강남,역삼동,역삼역/대동천] 굴짬뽕, 간짜장, 볶음밥",https://blog.naver.com/hdhdd/222954163179,
66,역삼역 맛집 이도곰탕 / 계속 생각나는 곰탕 한그릇,https://blog.naver.com/dkssudhw70/222990524367,
67,[바디쉐프] 역삼역 샌드위치! 역삼역 샐러드! 맛있게 먹고 더... ,https://blog.naver.com/dbrtk95_/222979427326,
68,흙과 함께 마음 건강 챙기기 | 강남/역삼역 원데이클래스... ,https://blog.naver.com/silver4226/222991108052,
69,"역삼역 횟집 푸른바다 세꼬시 / 룸 있는 식당, 회식장소로 추천",https://blog.naver.com/dkssudhw70/222963198381,
70,삼정빌딩 임대 역삼역 사무실,https://blog.naver.com/smspkkb/222973137787,
71,이런 맛집은 줄 설 각오 가능!역삼역 대우 부대찌개(등심... ,https://blog.naver.com/maru0525/222978736653,
72,221206 / 저녁 / 역삼역 맛집 제비파스타 &amp; 리조또,https://blog.naver.com/round_box/222979733444,
73,"역삼역 AC호텔 바이 메리어트, 역삼 호텔 뷔페 AC 키친",https://blog.naver.com/malsso90/222960046797,
74,역삼동 / 우진가 : 오랜만에 들렀던 역삼역 한우 단골집,https://blog.naver.com/begopa1092/222960295970,
75,역삼역 감자탕 맛집 범골 뼛국,https://blog.naver.com/ccamjigi77/222967357489,
76,역삼역 카페 &lt;수수커피&gt; 강남N타워점,https://blog.naver.com/elissacho/222957300521,
77,역삼역 리모델링빌딩 사옥통임대 사무실      안내해요,https://blog.naver.com/pybboss/222987680564,
78,"역삼역 카페 블루보틀 강남에서 뉴올리언스, 놀라플로토",https://blog.naver.com/shyguri/222985770690,
79,신영빌딩 임대     역삼역 시스템천장 사무실      추천해요,https://blog.naver.com/pybboss/222989540770,
80,[꾸우덕] 역삼역 파스타! 강남역 파스타! 꾸우덕하고 맛있는... ,https://blog.naver.com/dbrtk95_/222984865643,
81,역삼역 미식도감- 식사 가능한 반찬 가게(feat. 백반),https://blog.naver.com/sagak815/222677998208,
82,예양빌딩 임대 전용15   역삼역 가성비 소형사무실 추천,https://blog.naver.com/pybboss/222986958472,
83,강남 세무법인 역삼역 세무사 회계사,https://blog.naver.com/n2giveup/222955287244,
84,서울/역삼역 맛집 오봉집. 첫 방문에 재방문을 결심하게 된 곳!,https://blog.naver.com/ini32/222978682289,
85,역삼역 회식 장소 추천 달래해장 역삼점 굿!,https://blog.naver.com/s_eun2/222967173247,
86,원빌딩 임대 강남역  역삼역 테헤란로 의원 상가임대 소개해요,https://blog.naver.com/pybboss/222963358530,
87,역삼역 맛집 대우부대찌개,https://blog.naver.com/jihye0212/222974447695,
88,강남모임장소 24시간 역삼역 술집 달래해장 든든해,https://blog.naver.com/allaboutcanada/222963633045,
89,"역삼동사무실임대, 역삼역 메가존빌딩",https://blog.naver.com/smspkkb/222963884964,
90,역삼역 고기집 연말모임에 좋은 냉삼 맛집 세청집,https://blog.naver.com/jihye0212/222938917234,
91,성시경 먹을텐데 / 역삼역 대우부대찌개 / 등심부대찌개,https://blog.naver.com/sjy20188/222965515768,
92,"[강남,역삼동,역삼역/장호왕곱창] 김치찌개, 짤라, 곱창구이",https://blog.naver.com/hdhdd/222932716743,
93,역삼하이츠 임대 매매    역삼역 오피스텔  지하상가 전용29... ,https://blog.naver.com/pybboss/222987045181,
94,강남역/역삼역 직장인 점심 혼밥 추천(17) : 봉된장,https://blog.naver.com/killlifes/222978957048,
95,역삼역 직장인 점심 맛집 리스트 4탄,https://blog.naver.com/jihye0212/222952582956,
96,메가존빌딩 임대 전용96 역삼역 사무실 중개     추천해요,https://blog.naver.com/pybboss/222969224208,
97,강남역 역삼역 샐러드바 &amp; 토스트바 카페 본비,https://blog.naver.com/oilservice11/222961106818,
98,역삼역 곱창 내장구이 러버들 다 모여라!,https://blog.naver.com/oddnine/222807167333,
99,"[강남,역삼동,역삼역/가시리 특허청점] 홍어삼합, 홍어애탕... ",https://blog.naver.com/hdhdd/222950527120,
100,역삼역 오피스 임대 : 직원들의 행복지수가 높은 사무공간,https://blog.naver.com/chshop8456/222982478673,
101,우수했던 역삼역 회식장소,https://blog.naver.com/coffeeicream/222767473696,
102,[바디쉐프] 역삼역 샐러드! 역삼역 김밥! 맛있는다이어트!,https://blog.naver.com/dbrtk95_/222949748700,
103,역삼역 삼겹살 직장인 회식장소 추천 돈육지존,https://blog.naver.com/travelhola/222944180619,
104,역삼역 김밥 추천! 든든한 다이어트 김밥이 있는 바디쉐프,https://blog.naver.com/ryuel5/222958658124,
105,역삼역 고기집 대파집 역삼2호점 꿀조합,https://blog.naver.com/leh7284/222941735369,
106,역삼역 맛집 빠에야 보슬보슬 인생식당,https://blog.naver.com/joara127/222940621030,
107,역삼역 점심 짬뽕을 점심으로 뽕사부가 최고,https://blog.naver.com/enzywu/222923550189,
108,역삼역 마라탕 현지의 맛 먹어봤니!,https://blog.naver.com/k2629462/222881998356,
109,강남역/역삼역 직장인 점심 혼밥 추천(16) : 오사무식당,https://blog.naver.com/killlifes/222962061684,
110,역삼푸르지오시티 임대 매매 역삼역 신축급 오피스텔    빌딩... ,https://blog.naver.com/pybboss/222973695290,
111,역삼역 맛집 회식장소 진가와 한국본점 셰프스페셜 디너코스후기,https://blog.naver.com/prettyye02/222965562817,
112,역삼역 한우 투뿔나인 역삼점 콜키지 프리 입니다.,https://blog.naver.com/seokita1/222952914105,
113,역삼역 소고기 고기부터 전복 그리고 관자까지!,https://blog.naver.com/oddnine/222887238879,
114,"역삼역 데이트 맛집, 5만 원 런치 오마카세 가성비 최고... ",https://blog.naver.com/jju9922050/222960515644,
115,"그릴640 역삼역 고기집, 회식장소 추천",https://blog.naver.com/artistkeni/222976593213,
116,[강남/역삼] 역삼역 돈까스 소바 맛집 호천당,https://blog.naver.com/agsio2/222953986840,
117,역삼역 밥집 점심은 세청집에서 든든하게,https://blog.naver.com/ryu_d/222781335820,
118,"역삼역 점심추천, 하루 3시간만 영업하는! 강남제비",https://blog.naver.com/specialjhj/222942687776,
119,"역삼역 카페, 블루보틀 강남N타워 BLUE BOTTLE",https://blog.naver.com/mandu_u/222934640715,
120,역삼역 카페 강남 갤러리 카페 카미더가든,https://blog.naver.com/namheezi/222938597817,
121,"역삼역 근처 회식장소, 돼지/소/양 다 있는 인생육반",https://blog.naver.com/widelywisely/222966918427,
122,역삼역 일식 - 란수사 : 사시미A코스,https://blog.naver.com/offspring84/222939466562,
123,"역삼역 맛집 : 인파밀리아, 분위기 좋은 역삼 와인바",https://blog.naver.com/qhqhkiss/222940490796,
124,역삼역 맛집 이여곰탕 서울 4대 곰탕 ♥,https://blog.naver.com/snee46/222863449789,
125,역삼역 가볼만한곳 역삼역 맛집 차알에서 맛있는 마라핫팟 먹기,https://blog.naver.com/yewori/222953075245,
126,역삼역 주변 제일가는 수제버거 | 버거집,https://blog.naver.com/littletrace/222957462280,
127,"역삼역 문어 / 명문어가, 보들보들 활문어 샤브샤브 맛집 (강남... ",https://blog.naver.com/bright_kwon/222985575337,
128,"강남역 미용실 추천, 역삼역 미용실 추천 [이플헤어] 히피펌... ",https://blog.naver.com/tiffany_f9/222962998003,
129,역삼역 삼겹살맛집 조선부뚜막,https://blog.naver.com/lsh1000j/222990076938,
130,"역삼역 고기집 밥집 추천, 구울림!",https://blog.naver.com/cateyejh/222931908576,
131,"역삼역 예동빌딩 임대 사무실, 전용45 역삼동",https://blog.naver.com/smspkkb/222943472967,
132,계림 (역삼역) - 마늘 듬뿍 들어간 닭볶음탕,https://blog.naver.com/definitice/222947327617,
133,역삼역 맛집 우미돈 블랙 고기집 웻에이징 숙성 한우 눈이 번쩍,https://blog.naver.com/ninamath/222948397574,
134,221205 / 저녁 / 역삼역 샌드위치 맛집 - 그리니어스,https://blog.naver.com/round_box/222967801964,
135,"역삼역 왁싱 잘하는 곳, 브라질리언왁싱 받고왔어요",https://blog.naver.com/ky130720/222948233022,
136,"[강남,역삼동,역삼역/해담채] 점심 특정식, 회정식",https://blog.naver.com/hdhdd/222929099947,
137,역삼역 맛집 갈비다움 역삼본점에서 배터지게 먹고왔어요,https://blog.naver.com/irenelemon/222940599007,
138,[김남완 초밥집/역삼역 초밥],https://blog.naver.com/baboname/222928552620,
139,역삼역 맛집 우미돈 블랙 런치 B코스 소불고기 점심 회식,https://blog.naver.com/jbjoo0537/222946016467,
140,역삼역 와인바&amp;카페 분위기 좋은 배드라핀에서 치얼스~,https://blog.naver.com/hellobear28/222890880713,
141,역삼역 1번 출구 바나프레소 신상 붕어빵 털기,https://blog.naver.com/lsh1000j/222989959939,
142,역삼역 고기집 회식장소로 딱이네요.,https://blog.naver.com/justnopressure/222925440109,
143,역삼역 초밥 일본정통분위기의 퀄리티있는 강남 일식집... ,https://blog.naver.com/hwaja75/222949196068,
144,역삼역 왁싱 역삼동 페이스왁싱 리브왁싱&amp;아이래쉬 강남점,https://blog.naver.com/asset394/222936794752,
145,역삼역 미용실 아눔헤어 예쁘게 머리하고 케어받고 왔어요,https://blog.naver.com/lovely_joan/222964012212,
146,역삼역 혼밥 호천당 철판돈까스,https://blog.naver.com/rosy0001/222934520296,
147,내돈내산|역삼역|점심|이화정|쏘쏘,https://blog.naver.com/qwe34_s/222923267328,
148,역삼역 맛집 백억하누 갈비탕,https://blog.naver.com/ccamjigi77/222916825991,
149,역삼역 꽃집 추천 페아라 플로~!!,https://blog.naver.com/omysap/222925293575,
150,"[역삼역 닭갈비, 강남역 맛집] 강남역 닭갈비 유명 맛집... ",https://blog.naver.com/rladkdud10/222988291505,
151,"팀버핏 역삼 : 역삼역 헬스장, 그룹운동으로 운동중독자... ",https://blog.naver.com/doubledune_/222970169203,
152,"역삼역 고기, 회식장소로 추천하는 한우와 한돈맛집 :: 그릴640",https://blog.naver.com/tkdwjd04/222947419251,
153,이쁜 게 아니라 맛까지 좋은 강남 레터링 케이크 맛집 in 역삼역,https://blog.naver.com/gpwl4444/222972904896,
154,역삼역 돈까스 맛집 후라토식당,https://blog.naver.com/ccamjigi77/222935465791,
155,역삼역 빵집 맛집 바게트케이,https://blog.naver.com/ccamjigi77/222927464033,
156,역삼역 근처 점심맛집 리스트!... 점심 해결! 직장인점심 역삼밥집,https://blog.naver.com/black585/222958704864,
157,강남 역삼역 피부과 ㅣ 울쎄라 400샷 &amp; 하이드라페이셜 (가격... ,https://blog.naver.com/wooggul/222981889686,
158,역삼역 유명인들이 많이 찾는다는 마사지샵 ‘네츄럴 타이... ,https://blog.naver.com/infinity0219/222972399065,
159,강남 가족모임 하기 좋은 역삼역 일본면 맛집 진가와 한국본점,https://blog.naver.com/risingyou21/222942686705,
160,역삼역 4번출구 중국집 더차이나,https://blog.naver.com/travelhola/222913066308,
161,역삼역 인도커리 맛집 아그라 GFC점 커플세트로 저렴하게... ,https://blog.naver.com/marin35/222965519299,
162,역삼역 속눈썹펌 [뷰티애비뉴],https://blog.naver.com/insunnydays/222945100864,
163,역삼역 헬스장 로그짐에서 건강 관리 시작,https://blog.naver.com/dearbaby1028/222916823043,
164,화성빌딩 임대 역삼역     사무실 전용40  자주식주차   소개해요,https://blog.naver.com/pybboss/222941466641,
165,[지하철광고문의] 2호선 역삼역에 어떤광고를 할수 있을까?,https://blog.naver.com/bears5719/222949500158,
166,역삼역 소고기 삼합은 역시 진리야!,https://blog.naver.com/suna8575/222818553354,
167,역삼역 초밥 강남 일식집 김남완초밥집,https://blog.naver.com/klingsda/222927949860,
168,역삼역 고기집 맛집 하남돼지집,https://blog.naver.com/ccamjigi77/222916379665,
169,"[강남,역삼동,역삼역/현대북어]",https://blog.naver.com/hdhdd/222912818292,
170,역삼역 사무실 임대 삼정빌딩,https://blog.naver.com/ckdaecheol/222963827168,
171,역삼역 헤어샵 아눔헤어 염색 꼼꼼하게 잘함!,https://blog.naver.com/xhxhdhkalvl/222927294917,
172,역삼역 맛집 진가와 한국본점 디너코스,https://blog.naver.com/angelhaniel/222919054777,
173,역삼역 점심 뽕사부 짬뽕 중국집 어때요?,https://blog.naver.com/o_luvp/222838935555,
174,역삼역 카페 추천 - 해머스미스커피 역삼테헤란로점,https://blog.naver.com/kjy8317/222926169215,
175,강남역/역삼역 직장인 점심 혼밥 추천(14) : 알라보 allavo,https://blog.naver.com/killlifes/222953851545,
176,[서울] 역삼역 직장인 점심_미미담,https://blog.naver.com/yolororo/222910781551,
177,역삼역 술집 맛집 센민 이자카야,https://blog.naver.com/ccamjigi77/222905714601,
178,역삼역 돈까스 맛집 호천당 역삼점 점심 맛집,https://blog.naver.com/fly_haram2/222921376757,
179,역삼역 초밥 [김남완초밥집] 퇴근 후 저녁 힐링코스,https://blog.naver.com/kooltz1018/222931586894,
180,"역삼역 짬뽕 맛집 뽕사부, 마라바지락 별미 인정!",https://blog.naver.com/redcherry88/222842509748,
181,"역삼역 맛집 -아크플레이스 빌즈강남 ~멋있고, 편하고... ",https://blog.naver.com/hryooon/222970889974,
182,강남N타워 임대 역삼역 대형빌딩 사무실,https://blog.naver.com/smspkkb/222917982402,
183,역삼역 차알 / 새롭고 익숙해서 짜릿한 미국식 중식 맛집,https://blog.naver.com/elyann/222803450781,
184,[역삼역 맛집] 삼성식당 - 강남 직장인들의 숨은 단골집 30년... ,https://blog.naver.com/sielle83/222880637232,
185,"큰길타워 임대 역삼역 사무실, 역삼동 대형빌딩",https://blog.naver.com/smspkkb/222917114280,
186,역삼역pt 열심히 운동하면서 건강한 몸과 활기찬 일상 만들기!,https://blog.naver.com/jae328/222958064382,
187,역삼역 술집 점심때도 즐길 수 있는 곱창!,https://blog.naver.com/ckmiha/222811056619,
188,역삼역 고기집 하몽하몽이베리코 / 베요타 황제세트,https://blog.naver.com/seokokodong/222991565153,
189,"아주빌딩 임대 역삼역 사무실, 역삼동 테헤란로",https://blog.naver.com/smspkkb/222911961580,
190,올 연말 파티는 특별하게! 역삼역 파티룸,https://blog.naver.com/vkqzhsxkdi/222937281777,
191,역삼역 파스쿠찌에서 달다구리 커피 한잔,https://blog.naver.com/tooblond/222922253797,
192,역삼역 곱창 완전 1픽입니다! 여의도황소곱창 강남점!,https://blog.naver.com/jcw2566/222918660527,
193,"역삼역,강남역 / 가성비 좋은 텐동 맛집, 런치로 굳~[나이스샤워]",https://blog.naver.com/jk52jh/222941511001,
194,역삼역 점심 숙성도미회 전문 코미도리 도미솥밥!,https://blog.naver.com/ccamjigi77/222937769635,
195,[일상 기록] 역삼역 직장인 점심 조선부뚜막,https://blog.naver.com/rijikun/222929501567,
196,"역삼역 내과 : 당뇨병 치료 약물:   포시가,자디앙 SGLT2 억제제",https://blog.naver.com/doctorbae75/222890260032,
197,역삼역 고기집 대파집 냉삼 대파 삼겹살,https://blog.naver.com/95jjwi/222910891214,
198,강남 상견례 하기 좋은 역삼역 맛집 한정식 코스,https://blog.naver.com/allaboutcanada/222917580988,
199,"역삼역 카페 추천, 유럽풍 분위기의 인생 카페! 클로리스 티 앤... ",https://blog.naver.com/sesv1004/222852565693,
200,역삼역 직장인 최고의 맛집 철판볶음밥! ‘하나’,https://blog.naver.com/infinity0219/222932746736,
201,역삼역 소돼지불맛집- 고깃집에서 판매하는 불맛 짬뽕,https://blog.naver.com/sagak815/222626093737,
202,모닝타워 임대 역삼역 사무실빌딩 전용47    안내해요,https://blog.naver.com/pybboss/222916651071,
203,"아크플레이스 임대 역삼역 사무실, ARC PLACE빌딩",https://blog.naver.com/smspkkb/222911514656,
204,"강남역 고시원,역삼동 고시원,역삼역,교대역 고시텔... ",https://blog.naver.com/lege/222953253809,
205,역삼역 카페 햇살맛집 badlapin 배드라핀,https://blog.naver.com/kyouran/222887689424,
206,역삼역 맛집 인생 곱창집 찾게 되다!,https://blog.naver.com/nsj2314/222936886245,
207,바_조선팰리스 서울 호텔 내에 위치한 분위기 좋은 바_역삼역,https://blog.naver.com/ksm11015/222974178866,
208,역삼역 회식 전통있는 생등심 전문 고깃집!,https://blog.naver.com/oddnine/222820572249,
209,OTT보며 반신욕하기 좋은 역삼역 호텔 &apos;XYM 호텔&apos;,https://blog.naver.com/iamjivvon/222908450558,
210,역삼역 중식당 명정루 맛있었던 룸 있는 회식장소,https://blog.naver.com/kizaki56/222908826939,
211,"대공빌딩 임대 정보 GT대공빌딩, 강남 역삼역 사무실",https://blog.naver.com/smspkkb/222910360934,
212,역삼역 고기집 송추가마골에서 고기에와인한잔,https://blog.naver.com/o_luvp/222904786896,
213,"[강남,역삼동,역삼역/마부육전] 소갈비찜, 청국장정식",https://blog.naver.com/hdhdd/222917294308,
214,역삼역 술집 아리네술상 이자카야 퀄리티 좋은 맛집,https://blog.naver.com/ninamath/222912804520,
215,강남 상견례 룸식당 역삼역 맛집 봉우리 한정식 역삼본점... ,https://blog.naver.com/s600105/222939801562,
216,역삼역 헬스장 로그짐&amp;PT 역삼점 소개드려요!,https://blog.naver.com/popo4027/222908811884,
217,[역삼역 카페 추천] 타우너스 에스프레소 바 :: 분위기 좋은 커피... ,https://blog.naver.com/icecream0514/222940267116,
218,"역삼역 수제버거 맛집 스매쉬치즈버거, 번과 패티가 맛있던 곳.",https://blog.naver.com/adias2/222990298805,
219,역삼역 술집 추천 산꼼장어와갈비살,https://blog.naver.com/travelhola/222886689735,
220,[역삼동 아파트/역삼역]역삼동 도성초배정 역삼경남 34평형... ,https://blog.naver.com/zest060/222950926250,
221,역삼역 감성수작- 맛이 좋았던 잔치국수,https://blog.naver.com/sagak815/222412934606,
222,역삼역 고기집 대작 돼지생갈비 회식장소 추천,https://blog.naver.com/kizaki56/222683436298,
223,역삼역 카페 크리스마스 선물사러 크리에잇쿠키,https://blog.naver.com/ailee06/222953595792,
224,강남 역삼역 선릉역 스시담다 : 가성비 좋은 대존맛 초밥 맛집,https://blog.naver.com/jennyjelly_/222991452813,
225,"[역삼역 점심] 강남제비, 죠니라멘, 오봉집, 우리집",https://blog.naver.com/rijikun/222912520002,
226,선호빌딩 임대 전용42   역삼역 사무실중개       추천해요,https://blog.naver.com/pybboss/222915841393,
227,동영빌딩 임대                 역삼역 사무실 중개     추천해요,https://blog.naver.com/pybboss/222913079334,
228,역삼역 고기집 삼겹살 맛난 세청집,https://blog.naver.com/psy6348/222737789536,
229,너무 예쁜데 고기까지 직접 구워주는 역삼역 고기 맛집,https://blog.naver.com/mihye0310/222941936779,
230,[역삼역 필라테스] 차원필라테스 &amp; 발레핏,https://blog.naver.com/wkddmswl1000/222900860658,
231,[역삼역 삼겹살 맛집] 하몽하몽이베리코 역삼점,https://blog.naver.com/sy__jj/222980705308,
232,[역삼동 아파트/역삼역]역삼동 역삼초배정 서해더블루 28평형... ,https://blog.naver.com/zest060/222949032373,
233,강남일식집 역삼역 고급일식,https://blog.naver.com/tarasama/222881511787,
234,일행이 맛있게 먹었던 역삼역 맛집 / 아야진생태찌개,https://blog.naver.com/elyann/222983967903,
235,역삼역 카페 맛집 배드라핀 버터크림라떼,https://blog.naver.com/jdr21035/222899295640,
236,역삼역 대왕통닭 후기,https://blog.naver.com/alice2603/222905355437,
237,역삼역 스시 맛집 스시마카세 예약필! 결제필!,https://blog.naver.com/ccamjigi77/222882578011,
238,역삼역 회식장소로 좋은 진가와 한국본점 면 요리가 일품이야,https://blog.naver.com/gyubin0804/222845374071,
239,브라운도트호텔 역삼역 가성비 숙소 추천,https://blog.naver.com/jiun2327/222929400918,
240,역삼맛집.역삼역 파스쿠찌 (feat. 맥주랑 와인),https://blog.naver.com/piano2619/222984477670,
241,석호빌딩 임대 전용52    역삼역 사무실  소개해요,https://blog.naver.com/pybboss/222913046991,
242,역삼역 카페 수수커피 강남n타워점,https://blog.naver.com/etienne03/222889063034,
243,"똑바로 읽어도,거꾸로 읽어도 역삼역 니오라 본사 방문기... ",https://blog.naver.com/suktory/222952461485,
244,역삼역7번출구 위너복싱 일상&amp;좋은 일만 한가득 ~!,https://blog.naver.com/01026268513/222893389965,
245,삼보빌딩 임대 전용65   역삼역 IT사무실         추천해요,https://blog.naver.com/pybboss/222911245670,
246,역삼역 조개찜 &apos;조개랑칼국수&apos; 역삼역 칼국수 보리밥무료서비스,https://blog.naver.com/msunh/222906819889,
247,역삼역 삼겹살 맛집 대파집 냉삼의 맛을 알아버렸어,https://blog.naver.com/yeahpple/222987292258,
248,강남 수제버거 맛집 캐스터네츠 강남N점 역삼역 버거.,https://blog.naver.com/luna0723/222930187756,
249,"[강남,역삼동,역삼역/올레김밥] 김밥, 진미채김밥,매운멸치김밥... ",https://blog.naver.com/hdhdd/222921251548,
250,"[강남,역삼동,역삼역/제주은희네해장국 강남역점]",https://blog.naver.com/hdhdd/222912816877,
251,"역삼역 맛집 / 역삼역 세무사와 함께하는 저녁, 더드림 김치찌개",https://blog.naver.com/8sarah1004/222920897997,
252,역삼역 사무실 임대      전용40 KT 케이티빌딩  안내해요,https://blog.naver.com/pybboss/222912021582,
253,역삼역 한식뷔페 점심 추천,https://blog.naver.com/lsh1000j/222981685731,
254,SI타워 임대 역삼역 사무실 서울인터내셔널타워,https://blog.naver.com/ckdaecheol/222897791571,
255,역삼동 프라임빌딩 임대 역삼역 사무실,https://blog.naver.com/smspkkb/222882240109,
256,역삼역 &quot;커피기업&quot; 아인슈페너 맛집,https://blog.naver.com/ciel82321/222856263229,
257,캐스터네츠 강남N점 : 역삼역 버거 맛집,https://blog.naver.com/hayomstory/222878368529,
258,역삼역 초밥 맛집 세트로 사시미에 요리까지 더욱 푸짐하게!... ,https://blog.naver.com/yunhj427/222930432091,
259,벧엘빌딩 임대 전용35   역삼역 이면 개별냉난방 사무실 소개해요,https://blog.naver.com/pybboss/222909272588,
260,"역삼역 &apos;파크루안&apos;, 가족외식-기업 송년회 적당한 고급 프렌치... ",https://blog.naver.com/postman6666/222921152954,
261,역삼역 강남불고기- 한 끼 하기 무난한 백반집,https://blog.naver.com/sagak815/222758048226,
262,[역삼역 초밥 맛집/ 강남 일식집] 푸짐하게 먹을 수 있는 강남... ,https://blog.naver.com/bluepostcards/222980844591,
263,(강남 역삼역 카페) 복합문화공간 카미더가든 갤러리 카페 ft.... ,https://blog.naver.com/jootime/222968501172,
264,[역삼역 카페] 분위기 좋은 카페 배드라핀 (메뉴/위치),https://blog.naver.com/alice8820/222880914261,
265,역삼역 볶음밥전문점?! 신가네솥뚜껑볶음밥(feat.옛날... ,https://blog.naver.com/specialjhj/222911495373,
266,(역삼역 디벨로) 창업오빠 강호동 대표님 라방 참관,https://blog.naver.com/supyo9/222989275726,
267,역삼역 냉삼 밑반찬도 맛있는 대파집 역삼2호점,https://blog.naver.com/m2ra/222986632419,
268,역삼동베이커리 - 테이블스 // 역삼역에서 시간을 보내야한다면... ,https://blog.naver.com/kindly_/222944743141,
269,[트리니타스 서포터즈 1기] 강남 역삼역 와인편집샵 &apos;델프... ,https://blog.naver.com/jusinikrpl/222936582666,
270,[역삼역 고기집] 한번가면... 하몽하몽이베리코 역삼점,https://blog.naver.com/lovelyeon-/222992322827,
271,"강남/역삼역 도자기공방 세라듀, 나만의 도자기만드는... ",https://blog.naver.com/katelife37/222933521091,
272,역삼역 떡볶이ㅣ 배달... 분식 맛집 &apos; 봉구가래떡볶이 강남역삼점 &apos;,https://blog.naver.com/imhyemin21/222961588973,
273,역삼역 중식 맛집 js가든 센터필드점 런치코스와 베이징덕,https://blog.naver.com/yooree890/222948804181,
274,역삼역 버거 : 더블추천! @캐스터네츠 강남N점,https://blog.naver.com/sowonish_/222876315136,
275,"역삼역 독감 예방접종,무료 및 유료 단체 접종 안내",https://blog.naver.com/doctorbae75/222881802753,
276,"주간일기 스타트, 잠실 칸다소바 치즈룸 안다즈 역삼역 카페... ",https://blog.naver.com/prettysideprofile/222924351363,
277,역삼역 고시원 추천 세컨네스트 리모델링 고시텔,https://blog.naver.com/borabora-ing/222985153725,
278,[역삼역 고기]대파집 역삼2호점 직영점,https://blog.naver.com/sy__jj/222975098860,
279,역삼역 브런치 맛집 치즈돈까스 간코 롯데백화점,https://blog.naver.com/anauda_/222900796541,
280,역삼역 피티 맛집! SON PT 새로운 머신 렉스코 입고,https://blog.naver.com/skinesspt/222897355412,
281,역삼역 해물포차 : 꽃새우영번지 역삼점,https://blog.naver.com/bsb7411/222724541387,
282,역삼역 점심 추천 :: 불이아 훠궈,https://blog.naver.com/aannsd/222988632677,
283,역삼동 사무실 임대 역삼역 1분 13평 깔끔하고 깨끗해요,https://blog.naver.com/anoaz/222988254315,
284,강남역 소고기 역삼역 고기집 진씨화로,https://blog.naver.com/rinvely0322/222898645081,
285,"2호선 역삼역 지하철역 광고 종류 안내(비용, 위치, 매체종류)",https://blog.naver.com/pihonestar/222905422344,
286,"역삼역 꽃집, 역삼동 꽃집 :: 샤론꽃플라워",https://blog.naver.com/08520258/222983788226,
287,강남 역삼역 수제버거 맛집 캐스터네츠 햄버거,https://blog.naver.com/best_pb_han/222879041384,
288,크레이지후라이 비주얼 맛집! 역삼역,https://blog.naver.com/byeoli100/222982776331,
289,역삼역 점심! 만두전골+밥+칼국수 팔천원!!!!!만두랑,https://blog.naver.com/byeoli100/222981779100,
290,"[역삼역] 자극적인 맛 폭발하는 중화국밥, “명정루”",https://blog.naver.com/oe1814/222990848059,
291,열정♡봉사활동 -[대한사회복지회: 꿈꾸는가게] 2호선 역삼역... ,https://blog.naver.com/clala92/222916072456,
292,"역삼역 점심 고기 맛집, 조선부뚜막 역삼점(내돈내산)",https://blog.naver.com/yeonioni0601/222987601854,
293,역삼역 PC방 강남구 역삼동 피씨앤쿡,https://blog.naver.com/ksi54/222872713751,
294,"블루문 탭하우스 - 강남, 역삼역 분위기 좋은 맛집을 찾았다!",https://blog.naver.com/lsjsj92/222872564440,
295,역삼역 4번출구 점심 오곡당 바지락칼국수,https://blog.naver.com/travelhola/222911027335,
296,"역삼역 카페 할리스 역삼스타점, 바닐라딜라이트",https://blog.naver.com/daesuk217/222864160291,
297,역삼역 사무실 이전 포커스빌딩 임대           전용40   추천해요,https://blog.naver.com/pybboss/222916756045,
298,강남역 소고기 한우 전문점 역삼역 고기집 진씨화로,https://blog.naver.com/50mmcap/222922502795,
299,센터필드임대 답사 역삼역 신축 대형사무실 빌딩 전용547... ,https://blog.naver.com/pybboss/222920446910,
300,역삼역 맛집 인도카레맛집 강가,https://blog.naver.com/ccamjigi77/222858689863,
301,역삼역 고깃집 호보식당 회식하기좋은곳(feat.마늘갈비... ,https://blog.naver.com/buzzerrbeate/222900795919,
302,"역삼역 고시원,역삼동 고시원,강남역,양재역 고시텔 원룸텔... ",https://blog.naver.com/lege/222976628671,
303,역삼역 골프레슨 : SH골프스튜디오,https://blog.naver.com/nana-tour/222982432761,
304,역삼역 루프탑 : 서울 도심이 한눈에 보이는 Rooftop Kloud... ,https://blog.naver.com/heehyon911/222862770152,
305,역삼역 헬스장 버핏 그라운드,https://blog.naver.com/mmm7962/222904271931,
306,역삼역 버거 / 캐스터네츠 강남N점,https://blog.naver.com/thormommy/222922833309,
307,역삼역 버거 캐스터네츠 강남N점 진짜 맛나!,https://blog.naver.com/nadiatour/222866267006,
308,"[역삼역 점심] 서울집, 모퉁이식당, 아방베이커리",https://blog.naver.com/rijikun/222915852613,
309,강남 역삼역 국물이 매력적인 원조감자탕 일미집,https://blog.naver.com/kurohana/222869771065,
310,[역삼역 초밥 맛있는 곳!] 역삼동 김남완초밥집,https://blog.naver.com/lizela87/222877003012,
311,역삼역 저렴한 가성비 커피 바나프레소 라떼 먹은 후기,https://blog.naver.com/dogguthird/222984198978,
312,역삼역 맛집 전복 비진도 해물 뚝배기 신논현 근처,https://blog.naver.com/daun8972/222992084911,
313,역삼역 브라질리언 왁싱 지니얼왁싱 추천해요:),https://blog.naver.com/j_h1234/222867050175,
314,"역삼역 직장인 점심추천, 역삼동 백초밥",https://blog.naver.com/specialjhj/222850110249,
315,캐스터네츠 강남N점 강남 수제버거 맛집 역삼역 버거,https://blog.naver.com/mering_k/222883789294,
316,더플레이스 강남 하이앤드 투룸 오피스텔 분양 선릉역 역삼역... ,https://blog.naver.com/sheyr/222687817595,
317,역삼역 술집 곱창과 한 잔하기 딱! 회식장소로도 딱!,https://blog.naver.com/nsj2314/222879379138,
318,역삼역 역삼동 카페 고급스러운 모카옌1878,https://blog.naver.com/lux03300/222866576108,
319,역삼역 문구점 : 24시 무인 빵꾸똥꾸 문구야,https://blog.naver.com/byeoli100/222983789493,
320,역삼역 삼겹살 또 생각나는 화덕고깃간 역삼본점 여행 딱 그 기분!,https://blog.naver.com/ryuel5/222896043221,
321,역삼역 술집 추천 맥주무제한 텀블러,https://blog.naver.com/travelhola/222879354749,
322,역삼역 훠궈 / 중국식 샤브샤브 :: 불이아 역삼점,https://blog.naver.com/7yjlove7/222848284112,
323,역삼역 에스프레소바 카페 클라스카,https://blog.naver.com/lego8099/222659041674,
324,역삼역 카페 아우어베이커리,https://blog.naver.com/arom282/222982076790,
325,역삼역 남도 음식 맛집 _ 속초집 _ 남도음식이지만 속초집입니다.,https://blog.naver.com/yooh2ungi/222936654821,
326,역삼역 내과: 당뇨병 치료 서울배내과,https://blog.naver.com/doctorbae75/222907419366,
327,역삼역 미용실 살롱드미네스에서 가을맞이 염색 했어요!,https://blog.naver.com/dlthflove/222880059942,
328,역삼역 고기집 호보식당 : 1%의 고기를 맛보다(feat.찰살구이),https://blog.naver.com/zjavbxj5175/222897181145,
329,역삼역 직장인 점심 밥집 리스트 2탄,https://blog.naver.com/jihye0212/222652163911,
330,[신분당선 강남역 대창/역삼역 닭도리탕] 대낚식당 역삼점... ,https://blog.naver.com/effortpeople/222944174901,
331,역삼역 카페 디저트에 반했던 데어무트,https://blog.naver.com/mj100600/222860532003,
332,역삼역 사무실 임대 인테리어 메가존빌딩,https://blog.naver.com/dusgh7679/222988794768,
333,역삼역 그윽 즉석떡볶이 - 짜장떡볶이,https://blog.naver.com/gypsyone/222981996269,
334,역삼역 양꼬치 김양 마라우삼겹떡볶이,https://blog.naver.com/lavenderj-/222977134467,
335,역삼역 맛집 항상 손님 많은 고기집 송추가마골 인어반 강남점,https://blog.naver.com/prettyye02/222893432564,
336,역삼역 카페 로흐 초콜릿 휘낭시에 빼빼로 구움과자 맛집 빵... ,https://blog.naver.com/h_unny/222935774403,
337,역삼역 루프탑 클라우드 AC호텔 바이 메리어트 옥상에서... ,https://blog.naver.com/nddoo_/222905862858,
338,역삼역 맛집 우륵에서 진짜 소갈비를 맛보다!,https://blog.naver.com/shintzu/222854387387,
339,역삼역 커피기업 가는법과 맛리뷰,https://blog.naver.com/bjr2co/222982210728,
340,삼원타워 임대  강남역 역삼역 대로변 대형사무실 빌딩 추천해요,https://blog.naver.com/pybboss/222918755458,
341,역삼역 맛집 역삼동 맛집 진가와 한국본점 셰프 스페셜 코스... ,https://blog.naver.com/kenoop/222959425315,
342,"역삼역 버거, 캐스터네츠 강남N점 하모니 베이컨 치즈 버거... ",https://blog.naver.com/86rikbsb/222879234163,
343,스매쉬 치즈버거 강남 역삼역 수제버거 직장인 점심 맛집,https://blog.naver.com/jy1813/222905704239,
344,"강남 역삼, 신라스테이 역삼(역삼역 호텔)",https://blog.naver.com/il365sang/222990354817,
345,역삼역 라멘 맛집 &apos;호타루&apos;,https://blog.naver.com/yeojin0501/222643449836,
346,강남역 소고기 진씨화로 한우 퀄리티 장난 아닌 역삼역 고기집,https://blog.naver.com/dbwls0315/222918986816,
347,역삼역 맛집 :: 차알 역삼 센터필드점 조선팰리스서울 근처 퓨전... ,https://blog.naver.com/chero25/222988763028,
348,역삼역 해장국 현대북어 북어탕/이영자 북어찜,https://blog.naver.com/95jjwi/222882024053,
349,역삼역 카페 신상카페 낮에는 카페 밤에는 술집 배드라핀,https://blog.naver.com/wlgp2711/222891125785,
350,역삼역 곱창 포기할 수 없는 그 맛!,https://blog.naver.com/kkby1004/222842698607,
351,역삼역 회식장소 레스토랑 | 명문어가 | 풀코스 문어요리... ,https://blog.naver.com/pooh1387/222991328472,
352,"역삼역 삼겹살 맛집, 하몽하몽이베리코 역삼점",https://blog.naver.com/dafune94/222981666151,
353,역삼역 꽃구경 꽃향유 임파첸스 국화 베고니아 안젤로니아 은쑥... ,https://blog.naver.com/minsha321/222906736784,
354,역삼역 맛집 / 소갈비구이 우륵,https://blog.naver.com/phjsunflower/222717768652,
355,역삼역 고기 회식하기좋은 &lt;그릴 640&gt; 먹방 솔직후기!,https://blog.naver.com/m940121/222981505875,
356,[역삼역 꽃집]KHEE 소주 명절 승진 선물 플라워박스 정용진... ,https://blog.naver.com/laforetdeheeatelier/222990835063,
357,역삼역 직장인 점심 맛집 리스트 3탄,https://blog.naver.com/jihye0212/222847412664,
358,[서울] 거자필반 역삼점 - 역삼역 제주돼지 갈빗살 돼지곰탕... ,https://blog.naver.com/firstkokkiri/222965697327,
359,역삼역 고기집 국제수입식당 냉삼 돈까스,https://blog.naver.com/95jjwi/222672089137,
360,"역삼역 분위기 좋은 카페, 클로리스",https://blog.naver.com/qp_o_qp/222826831249,
361,역삼역 가벼운 한끼! 타코벨!,https://blog.naver.com/infinity0219/222972393003,
362,역삼역 [로그짐&amp;PT 역삼점] 1:1 PT 2회차 후기,https://blog.naver.com/lsw5581/222986957984,
363,[역삼동 아파트/역삼역]역삼동 도성초배정 경남 35평형 매매... ,https://blog.naver.com/zest060/222925121512,
364,강남역 보스켓 테라스 브런치 맛집추천 - 역삼역 언주역 핫플... ,https://blog.naver.com/maroyuki/222893680721,
365,[역삼역 카페] 커피프릭스 몬스터즈 스포츠 클럽(메뉴),https://blog.naver.com/alice8820/222858221313,
366,역삼역 맛집 강남제비 / 가성비 최고!,https://blog.naver.com/yoonjung53/222819040595,
367,강남 갤러리카페 역삼역 카페 언주역 맛집 카미더가든,https://blog.naver.com/femail317/222932300707,
368,[역삼역 초밥] 강남 일식집 추천 - 김남완 초밥집 다녀온 후기,https://blog.naver.com/lkj9448/222876618194,
369,"2호선, 신분당선 더블역세권 강남역 역삼역 도보 3분거리... ",https://blog.naver.com/living101/222936198940,
370,"역삼역 카페 포레. 커피, 베이커리 맛집~",https://blog.naver.com/dlrwnsaka/222833167966,
371,역삼역 맛집 갈비삼대... 가장 좋아하는 회식 메카 역삼 고기집,https://blog.naver.com/seojangbin/222988352484,
372,"맛집 뜨끈한 국밥이 있는 점심밥집, 저녁엔 소고기집 역삼역 우륵",https://blog.naver.com/ohdengtang/222989413693,
373,강남 샐러드 밸런스포케 역삼역 혼밥하기 편해요,https://blog.naver.com/uchoa/222972824408,
374,"역삼역 고기집 / 우륵, 부드러운 단짠 양념의 숙성 소갈비 전문점",https://blog.naver.com/bright_kwon/222764308262,
375,수제버거 맛집] 캐스터네츠 강남 n점 ; 역삼역 직린이 참새방앗간,https://blog.naver.com/quiipen/222913660669,
376,역삼역 버거 파파야 새우버거 하모니 치즈버거,https://blog.naver.com/dks6443/222839485907,
377,역삼역 맛집 즉석떡볶이가 먹고 싶다면 민들레떡볶이,https://blog.naver.com/jieunmone3/222844283459,
378,역삼역 중국집 맛집 도야짬뽕 다녀왔어요,https://blog.naver.com/21o729/222978841005,
379,역삼역 구움과자 맛집 카페 아하오호 (디저트 선물로 ),https://blog.naver.com/duddlwwkd1/222989205240,
380,역삼역PT 찾으신다면 로그짐&amp;PT,https://blog.naver.com/foodforfuture/222973419133,
381,[역삼역 맛집] 세겹,https://blog.naver.com/yeroro_ong/222989682434,
382,역삼역 푸짐한 해물찜 맛집 해목정 X 연수동해물나라 최고에요,https://blog.naver.com/dawoom26/222983990199,
383,《신동궁감자탕》역삼역 핫플/매운 뼈숯불구이 맛집!,https://blog.naver.com/ae961207/222985913646,
384,"역삼역 카페, 아하오호 방문 후기",https://blog.naver.com/rlrlqkq2/222947685739,
385,역삼역 삼겹살 맛집 삼성골목집 줄서는식당 파삼겹,https://blog.naver.com/kirara1974/222855686183,
386,이도곰탕 역삼역 맛집 인생곰탕집 소개할게요~내돈내산,https://blog.naver.com/7358600/222834753040,
387,역삼역 점심 백반 맛집 참맛집에 다녀온 후기,https://blog.naver.com/ha-16/222972915546,
388,역삼역 덮밥/역삼역 밥집: 토끼회관 방문 리뷰,https://blog.naver.com/rami_c/222831827314,
389,국내맛집여행 역삼역 다양한 전통주가 있는 근성순대,https://blog.naver.com/lv5photo/222851038502,
390,[서울] 더뭉티기 역삼 - 한티역... 뭉티기 육회비빔밥 역삼역 맛집,https://blog.naver.com/firstkokkiri/222957017356,
391,"@역삼역 고깃집, 회식하기 좋은 삼겹살 맛집 : 세청집",https://blog.naver.com/dpwls8332/222986918844,
392,[역삼] 가성비에 맛까지! 역삼역 초밥 맛집  김남완 초밥집,https://blog.naver.com/purifyursoul/222880076363,
393,역삼역 대풍참숯갈비- 점식 식사로 먹을 만했던 육개장,https://blog.naver.com/sagak815/222609418801,
394,역삼역 샌드위치 역삼역 김밥 추천 바디쉐프,https://blog.naver.com/omyota/222989336682,
395,"역삼역 고기집 : 하몽하몽이베리코, 특별한 맛 !",https://blog.naver.com/joy3345/222836589457,
396,역삼역 구움과자 휘낭시에 맛집 로흐,https://blog.naver.com/travelhola/222870695168,
397,[강남] 역삼역 야장 맛집 황소양곱창,https://blog.naver.com/uking2/222848983197,
398,역삼역 고기 회식장소 역삼동삼겹살맛집 그릴640,https://blog.naver.com/wjswkdqn/222979742442,
399,[역삼동 투룸 전세/역삼역]역삼동 강남파이낸스센터인근 투룸... ,https://blog.naver.com/zest060/222887651856,
400,분위기 좋은 역삼역 술집 이자카야 츄라우미,https://blog.naver.com/vtelecom1/222981173498,
401,역삼역 초밥 사시미까지 가성비맛집이었던 김남완 초밥집,https://blog.naver.com/flamenebula/222857377972,
402,친구랑 괜찮은 역삼역 고기집 랭돈 방문기,https://blog.naver.com/8ydragon8/222903144669,
403,비빔밥이 맛있는 역삼역 맛집 / 진주성,https://blog.naver.com/elyann/222942883794,
404,"[역삼역] 카페 413프로젝트 - 분위기, 맛 감동 그 자체",https://blog.naver.com/ysa1748/222706607729,
405,역삼역 카페 블루보틀 강남N타워,https://blog.naver.com/attifelt/222841215165,
406,역삼역 고기 그릴640 커플 데이트장소로 추천해요,https://blog.naver.com/jwoo12345/222990682884,
407,역삼역 블루보틀 가는법 맛 리뷰,https://blog.naver.com/bjr2co/222982258200,
408,역삼역 카페 몽바커피 - 먹자골목 근처 저렴한... ,https://blog.naver.com/jsd05/222927349849,
409,역삼역 진료보는 시그니처 피부과,https://blog.naver.com/minimal_hongcha/222868649666,
410,역삼역 맛집 송송카레- 진하고 맛있는 일본식 카레 전문점... ,https://blog.naver.com/sagak815/222544944246,
411,역삼역 버거 캐스터네츠 강남N점 하모니 치즈버거,https://blog.naver.com/padamnara/222878130198,
412,테헤란로 일반상업지 역삼역 빌딩매매,https://blog.naver.com/365everygooddays/222987522576,
413,역삼역pt 꼼꼼하고 확실한 1:1 트레이닝!,https://blog.naver.com/dodojjajja/222803671137,
414,역삼역 떡볶이 맛집 민들레 떡볶이,https://blog.naver.com/lsh1000j/222973597059,
415,강남 데이트 역삼역 파스타 맛집 파츠 강남N점,https://blog.naver.com/boa756/222982832395,
416,강남 역삼역  베이커리 [아방 베이커리 역삼점],https://blog.naver.com/insunnydays/222879153942,
417,역삼역 중국집 웨이웨이 마라탕,https://blog.naver.com/travelhola/222779255434,
418,"[강남,역삼동,역삼역/핑크솔 740] 파스타류가 꽤 마음에 드는... ",https://blog.naver.com/hdhdd/222890579451,
419,[역삼역] 브런치카페 &quot;플레어비&quot;,https://blog.naver.com/hyoni_diary/222907293417,
420,"역삼동 비드빌딩 임대 인테리어 예쁜 사무실, 역삼역 역세권",https://blog.naver.com/smspkkb/222869542643,
421,[서울카페]역삼역 브런치 카페 추천 카페413프로젝트,https://blog.naver.com/ehdqkd752/222874210463,
422,역삼역 도시락 생각날 땐 진진수라,https://blog.naver.com/pppmh0827/222791550107,
423,"역삼역 일식 / 이자카야 기무, 우리 만의 비밀 술집이 필요해?... ",https://blog.naver.com/bright_kwon/222941099546,
424,무릎 수술 후 첫 재활 PT @역삼역 로그짐&amp;PT,https://blog.naver.com/puppyo0o/222890687576,
425,[내돈내산] 강남역 역삼역 근처 술먹기 좋은 맛집 마부육전 후기,https://blog.naver.com/zephyros0/222894905277,
426,"역삼역 맛집 성시경 먹을텐데, 미나리 등심들어간 인생 부대찌개",https://blog.naver.com/rajana/222980844949,
427,"강남수제버거 / 역삼역 혼밥 하기 좋은 곳, 튜즈데이버거 앤 윙",https://blog.naver.com/white-zao/222992097205,
428,역삼역 이자카야 진가와 한국본점 셰프 스페셜 코스 후기,https://blog.naver.com/rain930814/222929108892,
429,역삼역 한의원 수시로 머리가 아프다면,https://blog.naver.com/ranihago/222893437435,
430,모도우 강남N점 역삼 회식 역삼역 룸식당 역삼동 맛집,https://blog.naver.com/jsvlar/222921476714,
431,"823빌딩 임대, 역삼동 사무실 (강남역 역삼역 역세권)",https://blog.naver.com/smspkkb/222861049659,
432,강남 역삼동신축빌라 매매 역삼역,https://blog.naver.com/kairos73/222631276596,
433,"역삼역 점심특선 삼겹살 맛집, 조선부뚜막",https://blog.naver.com/mary_zzine/222879919453,
434,역삼역 라멘 _ 매콤하면서 찐~한 죠니라멘,https://blog.naver.com/byeoli100/222973784704,
435,역삼역 피자 / 역삼 배달맛집 / 피제이피자 강남1호점,https://blog.naver.com/thormommy/222936326257,
436,[역삼역 닭도리탕 맛집] 고갯마루 ; 말이안댐.,https://blog.naver.com/quiipen/222940740513,
437,"역삼역 맛집 해산물 성지, 꽃새우영번지 역삼점",https://blog.naver.com/sungeunholic/222986385308,
438,가성비 역삼역 초밥 김남완 초밥집 A세트 후기,https://blog.naver.com/tjcokr/222832249569,
439,역삼역 카페 &apos;배드라핀&apos; 역삼역 디저트맛집 주택가 조용한카페,https://blog.naver.com/msunh/222844281192,
440,[모집공고] 역삼역 더원 역삼 - 공공지원민간임대 입주자 모집,https://blog.naver.com/sh_youth2030/222985866921,
441,[진씨화로 강남역본점 /강남역 소고기/역삼역 고기집],https://blog.naver.com/baboname/222924221072,
442,"역삼역 네일 잘하는 곳! 주말, 심야네일샵 [서울 강남구 역삼동]",https://blog.naver.com/s99275/222908434118,
443,"역삼역 카페 / 공차, 2022 시즌 조선향미 쌀 밀크티 맛보기... ",https://blog.naver.com/bright_kwon/222909809763,
444,[역삼동 아파트/역삼역]역삼동 역삼초배정 역삼월드메르디앙... ,https://blog.naver.com/zest060/222937352233,
445,역삼역 센터필드 서관 그 회전문,https://blog.naver.com/0105kyh/222839920755,
446,역삼맛집 그릴640 역삼역 고기 존맛 회식장소 대추천!,https://blog.naver.com/namzzang__/222979593411,
447,[역삼역] 질할 브로스 &quot;샌드위치&quot;,https://blog.naver.com/santajoajoa/222973435235,
448,"역삼역 카페 / 블루보틀, 지브랄타 &amp; 귀리라떼. 텀블러 MD 종류... ",https://blog.naver.com/bright_kwon/222942973641,
449,"역삼역 수제쿠키 카페, 크리에잇쿠키(Cre8Cookies)",https://blog.naver.com/specialjhj/222857259517,
450,역삼역 바버샵 추천 버터바버샵 ZEROM쌤 추천해용,https://blog.naver.com/avocadora12/222979931471,
451,역삼역 카페 빵집 아방베이커리 스콘,https://blog.naver.com/95jjwi/222775190393,
452,역삼역 전자담배 시가브로 (파스타바코 강남 총판) 추천! 강남의... ,https://blog.naver.com/xll2000/222910638872,
453,역삼역 카페 [배드라핀 badlapin] 분위기 있는 카페 추천,https://blog.naver.com/tiffany_f9/222830074441,
454,강남 역삼역 와인샵 매드와인케이브 역삼점 와인테이스팅,https://blog.naver.com/petida/222985506005,
455,[역삼역 횟집] 신선한 바다의 맛! 마린3스토리,https://blog.naver.com/lizela87/222775446432,
456,역삼역 고기집 뽀빠이삼겹살 볶음밥까지 완벽,https://blog.naver.com/yoho93yh/222764108793,
457,"안타워 임대, 역삼역 사무실 (역삼동 AAN TOWER)",https://blog.naver.com/smspkkb/222796521453,
458,강남 역삼역 이자카야 모임 추천 장소 &lt;츄라우미&gt; 역삼점... ,https://blog.naver.com/ieuny112/222983173058,
459,"역삼역 점심 카페 &amp;  와인바, 분위기 미쳤음!!- 배드라핀",https://blog.naver.com/96suhyeon/222851192832,
460,진가와 한국본점 강남 코스요리가 있는 역삼역 맛집,https://blog.naver.com/jagaliano1/222839228857,
461,역삼역 와인바 분위기 최고였던 센터필드 &apos; 컨티뉴엄 &apos;,https://blog.naver.com/kikiao12/222847205731,
462,역삼역 김밥 먹으러 바디쉐프 포장한 후기,https://blog.naver.com/dogguthird/222974581388,
463,역삼역 전통주 bar ZAC  칵테일도 안주도 맛있는 작(酌),https://blog.naver.com/tourcurator/222587496483,
464,[역삼역 버거/강남 수제버거 맛집] 캐스터네츠 강남N점,https://blog.naver.com/moveandlove/222829125823,
465,역삼역 고기집 부드럽고 풍미 가득한 하몽하몽이베리코,https://blog.naver.com/neobano/222979722927,
466,역삼역 버거 ㅣ 수제로 만든 버거 포장 ~ 캐스터네츠 강남N점,https://blog.naver.com/50mmcap/222867378595,
467,"강남역 역삼역 맛집) 인생부대찌개를 찾았다, 대우부대찌개",https://blog.naver.com/ssuni86/222709727941,
468,《클로리스》 역삼역 밀크티 맛집/역삼 GFC몰 지하1층 분위기... ,https://blog.naver.com/ae961207/222987022375,
469,역삼역 가다실 자궁경부암 예방을 위한 HPV 백신,https://blog.naver.com/ysthepureblog/222988575161,
470,[역삼역 중국집/역삼역 맛집] 도삭면 전문점 &apos;안사부 본점&apos;,https://blog.naver.com/oh22jh/222978310754,
471,역삼동 꽃집 ♡ 페아라플로 / 역삼역 꽃집 추천!,https://blog.naver.com/keemsarang/222975189744,
472,역삼역 파스타 맛집 ! 역삼 데이트 코스 추천 핑크솔740,https://blog.naver.com/suuuh37/222828331315,
473,[역삼역 맛집/역삼역 마라탕] 마라와라,https://blog.naver.com/jougkook/222978570828,
474,"역삼역 맛집, 강강술래 역삼점 예약 주차",https://blog.naver.com/son018/222976198658,
475,역삼역 지하철 광고 안내(비용 및 매체 종류 소개),https://blog.naver.com/rlaqhsl5/222828181121,
476,"(역삼역 샐러드)스테이크샐러드 맛있는 집, 뱃살도둑",https://blog.naver.com/hosuh0216/222835544318,
477,역삼역 도보3분거리 쓰리룸 구한 후기~,https://blog.naver.com/jibnolja8/222988812529,
478,역삼역 샐러드는 뱃살도둑에서,https://blog.naver.com/daesuk217/222795728466,
479,강남역 소고기 : 역삼역 고기집 진씨화로 &apos;와규세트&apos; 후기,https://blog.naver.com/zjavbxj5175/222861657289,
480,역삼역 맛집 송송카레 일본식 카레 전문점,https://blog.naver.com/aav3vaa/222977399335,
481,[역삼역 카페]역삼역 나만 알고 싶은 소확행 카페! 오히커피,https://blog.naver.com/tjsghd1991/222806271114,
482,역삼역 엔스퀘어 광고 안내,https://blog.naver.com/3222973/222950738391,
483,혼밥하기 좋은 역삼역 라멘집! 멘야유메미루 역삼점,https://blog.naver.com/lizela87/222820392752,
484,"강남 역삼역 카페: 블루보틀, 대용량 커피박스",https://blog.naver.com/yuri008/222978893152,
485,역삼역 필라테스 내 몸 맞춤 운동으로 자세 교정하기!,https://blog.naver.com/popo4027/222810996331,
486,"역삼역 피부관리, 선릉 피부관리 :: 엘스킨라운지",https://blog.naver.com/catherineseol/222972578488,
487,[역삼역 맛집] 고갯마루 - 닭도리탕 끝판왕 + 센터필드 우영우... ,https://blog.naver.com/jdoro/222824160883,
488,"양재역 고시원,도곡동 고시원, 한티역, 강남역, 역삼역 고시텔... ",https://blog.naver.com/lege/222892219947,
489,역삼역 고기집 : 뽀빠이삼겹살,https://blog.naver.com/bsb7411/222579651086,
490,"역삼역 사무실임대, 단독테라스에 옥상공원까지",https://blog.naver.com/gnlehd2416/222980263859,
491,역삼역 참치맛집 무한리필 역삼동참치 후기,https://blog.naver.com/evaneat/222982199878,
492,[역삼역/카페/배드라핀badlapin] 분위기 좋고 조용한 역삼역... ,https://blog.naver.com/sijifs/222847916038,
493,"역삼역 술집 :: 수에뉴에서 네츄럴와인 45,000에 2차하세요",https://blog.naver.com/empress0217/222825951321,
494,"[강남 린호텔] 역삼역 근처 2PC, 노래방, 스파가 있는 모텔 추천",https://blog.naver.com/5olog/222987268721,
495,역삼역 중식당 싱카이 코스요리 후기,https://blog.naver.com/violet0878/222977948860,
496,"역삼역 점심, 자유로운 식탁에서 PICK!",https://blog.naver.com/sun_ps/222773929412,
497,역삼역 미용실 추천 : 차홍룸 강남대로점 전현경쌤 앞머리... ,https://blog.naver.com/gamseongtrip5/222891732642,
498,역삼역 맛집 우륵 꽃갈비 너무맛있어!,https://blog.naver.com/lovely_joan/222957504593,
499,역삼역 맛집 추천 ‘토끼회관’,https://blog.naver.com/peh34022/222981930077,
500,역삼역 &quot;멘야유메미루&quot; 마제소바 전문점 내돈내먹 후기,https://blog.naver.com/ciel82321/222864117442,
501,강남 한우 갈비 동화고옥 역삼역 룸식당,https://blog.naver.com/avrilb/222786357415,
502,"역삼역 카페 블루보틀 메뉴(강남N타워) 모카,홀리데이 데이츠... ",https://blog.naver.com/realjaekyo/222874788777,
503,"[강남,역삼동,역삼역/센도수산 역삼점] 적당히 맛있는 숙성회... ",https://blog.naver.com/hdhdd/222877749480,
504,"역삼역 레스토랑 스터번 / 강남 레스토랑 스터번 , 강남... ",https://blog.naver.com/liebchen0929/222858788746,
505,하나금융그룹강남사옥 임대 강남역 역삼역 사무실 (테헤란로... ,https://blog.naver.com/smspkkb/222863882663,
506,아메리칸 스타일의 중국요리를 맛본 역삼역 맛집,https://blog.naver.com/belfry9/222833474376,
507,우영우 기러기 역삼역 스위스 별똥별,https://blog.naver.com/portugal4/222871484350,
508,역삼역 헬스장 제대로 코칭 받고 있어요,https://blog.naver.com/gywls2708/222868561342,
509,강남 역삼역 맛집 대우 부대찌개 + 도쿄빙수 토마토빙수 이수역,https://blog.naver.com/ssaea/222855234324,
510,역삼역 피맥하기 좋은 모터시티 바이 매니멀,https://blog.naver.com/greensinchon/222841302357,
511,역삼역 마카롱 앙카페 강남마카롱 추천,https://blog.naver.com/dustnr0829/222739385234,
512,역삼역 호텔 XYM 프리미엄객실 이용후기 욕조있어요,https://blog.naver.com/hyongraedaek/222986021440,
513,역삼역 와인바 센터필드 컨티뉴엄,https://blog.naver.com/seeun_papa/222770027400,
514,역삼동 술집 기무 역삼역 오마카세 찐 맛집,https://blog.naver.com/lux03300/222898648471,
515,"강남 사옥 임대 400평대, 역삼동 역삼역 신축급 통임대",https://blog.naver.com/sidsung/222988720298,
516,역삼역 맛집 오발탄 말해뭐해!,https://blog.naver.com/ccamjigi77/222733583257,
517,역삼역 4번출구 횟집 강남회어시장에서 점심,https://blog.naver.com/travelhola/222776865356,
518,역삼역 더오일 샐러드 구독 서비스,https://blog.naver.com/queensbucket/222857083108,
519,역삼역 버거 존맛집 캐스터네츠 갓성비 수제버거,https://blog.naver.com/jiinn0126/222796384740,
520,역삼역 미용실 * 아눔헤어 태균쌤! 웨딩촬영 전 염색하기!... ,https://blog.naver.com/jamie818/222845950949,
521,역삼역 차원필라테스 발레핏 개인레슨,https://blog.naver.com/jmj950414/222819826945,
522,역삼역 회식하기 좋은 맛있는 양대창 전문점 역삼역 오발탄,https://blog.naver.com/nayun0524/222982250787,
523,역삼역 해장하기 좋은 달래해장 점심 모임 굿!,https://blog.naver.com/jiuxiangyesu/222969479150,
524,역삼역 마라탕 : 마라와라,https://blog.naver.com/dlgofl6974/222965427969,
525,역삼역 파스타 맛집 이름그대로 완전 꾸덕한 꾸우덕 강남점,https://blog.naver.com/foodiezclub/222983937482,
526,"역삼역 최고급 흑돼지 이베리코 고기 맛집, &quot;하몽하몽이베리코&quot;.",https://blog.naver.com/dongkony/222981750846,
527,역삼역 사무실 임대 인테리어 우수해요,https://blog.naver.com/5465666/222982803619,
528,[역삼 맛집] 역삼역 고기집 새로생긴 소갈비맛집! 역삼 우륵,https://blog.naver.com/tjsghd1991/222788116390,
529,역삼역 오마카세 분위기 우미돈,https://blog.naver.com/seeun_papa/222785445597,
530,"역삼역 칼국수 / 오곡당, 매콤한 국물의 바지락 칼국수",https://blog.naver.com/bright_kwon/222780667584,
531,[역삼동 아파트/역삼역]역삼동 역삼초배정 대명벨리온(도시형)... ,https://blog.naver.com/zest060/222881492815,
532,역삼역 숙성 삼겹살 맛집 돝고기506,https://blog.naver.com/khhyy15/222989453991,
533,"강남역 소고기, 역삼역 고기집, 강남 회식장소 진씨화로",https://blog.naver.com/minheee12/222896814081,
534,역삼역 강남N타워 카페 수수커피,https://blog.naver.com/lovely_227/222722475989,
535,역삼역 브런치 카페 맛집 카페413 테라스 굿,https://blog.naver.com/ccamjigi77/222733548385,
536,역삼역 텐동맛집 나이스샤워,https://blog.naver.com/travelhola/222788666194,
537,역삼역 점심으로 사케동정식 후기 스시류 강남N타워... ,https://blog.naver.com/duddlwwkd1/222988257085,
538,"역삼역 직장인 점심 맛집 와비사비, 돈까스가 참 맛있었던 맛집.",https://blog.naver.com/adias2/222974593428,
539,역삼역 미용실 애쉬베이지 염색 빛나게헤어 선아쌤 재방문!,https://blog.naver.com/jiinn0126/222821594613,
540,역삼역 분위기있는 중식 장쓰동 베이징덕 딤섬,https://blog.naver.com/chocobbana/222758871702,
541,강남역 역삼역 키토김밥 맛집 보슬보슬,https://blog.naver.com/sua0417/222985061381,
542,서울 역삼역 조용한 정적인 카페 : 멜(mel),https://blog.naver.com/sicc94/222990316279,
543,직접 숙성하는 꽃갈비 맛집 :: 역삼역 고기집 우륵,https://blog.naver.com/toy3655/222775447457,
544,"104탄 - 역삼 맛집 대독장 (김치찌개, 역삼역 점심, 직장인)",https://blog.naver.com/kgj415/222877702181,
545,역삼역 회식 한판도 맛있네요,https://blog.naver.com/tlgk7209/222990140161,
546,[역삼역 회식장소 추천] 동화고옥 - 정갈한 한식 코스를 찾는다면,https://blog.naver.com/cjswlckdwh810/222873725196,
547,"역삼역 버거, 매일 가고싶은 인생 햄버거 캐스터네츠 강남N점",https://blog.naver.com/guebyul/222868538765,
548,역삼동 맛집 역삼역 고기집 추천 세겹,https://blog.naver.com/ksi54/222742837785,
549,역삼역 고시원 역삼동 고시텔 강남구 원룸텔 &apos;파인트리 레지던스&apos;,https://blog.naver.com/neoflat1116/222976906170,
550,역삼역 아우어베이커리 상륙,https://blog.naver.com/jihye0212/222937410577,
551,"핑크솔 740, 역삼역 테라스 레스토랑",https://blog.naver.com/ali7548/222490303977,
552,[역삼역맛집] 역삼역 중국집은 !! 도야짬뽕,https://blog.naver.com/heezy0517/222989969948,
553,역삼역 버거 강남 수제버거 맛집 : 캐스터네츠 강남N점,https://blog.naver.com/junshine/222836825869,
554,"신세계로의 5월, 역삼역 회식 푸에르코 역삼",https://blog.naver.com/mnjhappylife/222725183345,
555,역삼역 1등 당신의 짝꿍 뽀빠이 삼겹살,https://blog.naver.com/cabbagegarden1999/222519201961,
556,역삼역 남포동 직화 쭈꾸미 깔끔했던 저녁,https://blog.naver.com/rano_0114/222735718165,
557,역삼역 직장인 맛집 : 진가와 런치 정식,https://blog.naver.com/qhqhkiss/222523268628,
558,[강남역/역삼역] 구움과자 디저트 전문점 로흐 (휘낭시에 존맛),https://blog.naver.com/dhkdqnflxldz/222862318486,
559,"[강남,역삼역] 역삼역 돈까스 맛집 호천당 역삼점",https://blog.naver.com/swusjy/222978117360,
560,[서울] 커피프릭스 by 몬스터즈 스포츠 클럽 - 역삼역 카페... ,https://blog.naver.com/firstkokkiri/222969742476,
561,다이어트를 위한 역삼역 샐러드맛집_뱃살도둑 역삼점,https://blog.naver.com/zzztony/222793246795,
562,역삼역 샐러드 전문점 뱃살도둑 탄단지 균형잡힌 맛있는 끼니,https://blog.naver.com/lizela87/222825683485,
563,"역삼역 멘야유메미루, 맛있는 마제소바 발견!",https://blog.naver.com/specialjhj/222831597094,
564,[역삼역] 구성 좋은 가성비 족발/보쌈 런치세트 “귀한족발”,https://blog.naver.com/oe1814/222985476679,
565,역삼역 버거 캐스터네츠 강남N점 / 파파야새우버거... ,https://blog.naver.com/ni_ca/222842988002,
566,"역삼역 맛집, AC메리어트 호텔 역삼 루프탑 클라우드",https://blog.naver.com/jina_gogo/222817114213,
567,역삼역 혼밥하기 좋은 노브랜드 버거 / 기대 안하고 갔는데... ,https://blog.naver.com/ddbbgglover/222990406994,
568,오미라식당ː 역삼역 점심 뷔페 맛집 추천｜내돈내산,https://blog.naver.com/worklifeblending/222976270165,
569,"강남 역삼역 센터필드 방문하고 삼백돈 돈가츠,  커피스니퍼 방문",https://blog.naver.com/nicolasn/222912171108,
570,서울 강남아로마마사지 역삼역 타이 커플 스파,https://blog.naver.com/paperplate/222840037972,
571,"강남 통사옥 임대, 이너스타워 역삼역 사무실",https://blog.naver.com/smspkkb/222726541411,
572,[강남역 소고기 진씨화로]역삼역 고기집 가성비 좋은 호주산... ,https://blog.naver.com/hafee1/222849669708,
573,"역삼역 샐러드 밸런스포케 의외의 셀카 맛집,,?",https://blog.naver.com/littletojudy/222973696945,
574,(역삼역 카페)샌드위치 맛집 아하오호,https://blog.naver.com/hoi584862/222973386856,
575,[ 역삼역 파스타 맛집 추천 ] 파츠 강남N점 - 매콤한... ,https://blog.naver.com/cjswlckdwh810/222877704474,
576,역삼역 돼지갈비 맛집 갈비삼대,https://blog.naver.com/freemeadow/222721244266,
577,역삼역 고시원 역삼1동 고시텔 강남구 원룸텔 &apos;세컨네스트&apos;,https://blog.naver.com/dokliplife/222989019817,
578,역삼역 맛집 스터번 스테이크 하우스,https://blog.naver.com/rabit90/222988853011,
579,"역삼역 룸식당, 송추가마골 인어반 강남점 단체모임장소 딱이야",https://blog.naver.com/dahaeyoo/222973711536,
580,역삼역 추나요법 진행하는 데 있어 중요한 것은?,https://blog.naver.com/exlvvj03/222987833061,
581,"아니던데, 역삼역 양대창&amp;곱창전골 맛집 &lt;세광양대창&gt;",https://blog.naver.com/heungnam2/222920211191,
582,[역삼역 훠궈] 불이아 역삼점 (룸예약 가능),https://blog.naver.com/modu_nahonza/222968278486,
583,역삼역 냉삼 랭돈 회식장소로도 좋아,https://blog.naver.com/travelhola/222729623837,
584,역삼역 국밥_콩뿌리콩나물국밥 24시간,https://blog.naver.com/byeoli100/222971844071,
585,역삼역 샐러드 &quot;밸런스포케&quot;  맛도 좋고 양도 많은 역삼역 포케... ,https://blog.naver.com/hdr_jmt/222974138182,
586,역삼역 일식 기무 은밀한 공간의 강남 오마카세 맛집,https://blog.naver.com/semins77/222901448642,
587,"서울 가볼만할곳, 역삼역 카페 타우너스 에스프레소 바 추천",https://blog.naver.com/blackmond88/222865362514,
588,역삼역 샌드위치 샐러드 추천 바디쉐프,https://blog.naver.com/geniusindol/222733432897,
589,"강남 역삼역 초밥 김남완초밥집, 세트부터 저렴한 장어덮밥까지",https://blog.naver.com/do_dd/222971753954,
590,"역삼역 카페, 베이커리 맛집 더빈마켓",https://blog.naver.com/vivaceren/222747692261,
591,"역삼역 술집 ｜ 아늑해서 비밀얘기하기 딱 좋은, 언더씨유!",https://blog.naver.com/creamcheesecookie/222978115719,
592,"역삼역 고시원,역삼동 고시원, 선릉역, 강남역 고시텔... ",https://blog.naver.com/lege/222879318842,
593,역삼역 대우 부대찌개 강남본점,https://blog.naver.com/tourcurator/222685695368,
594,역삼역 점심 맛집 회식장소 고기집,https://blog.naver.com/wj2796/222931725050,
595,역삼역 점심 돈마호크 회식하기 좋은 고기집 구울림,https://blog.naver.com/eui0903/222933326929,
596,"[역삼역] 민들레떡볶이 :: 연말... 즉석떡볶이 맛집, 역삼동맛집",https://blog.naver.com/free1soul/222989198077,
597,강남 방어 맛집: 강남 보물섬 (역삼역) / 대방어회 코스 추천,https://blog.naver.com/birdiejhyunee/222990582521,
598,역삼역 룸식당 모임하기 좋은 중국집 명정루,https://blog.naver.com/gaogaiga2000/222910218406,
599,역삼역 맛집 | 비오니까 &lt; 이도 곰탕 &gt; 본점,https://blog.naver.com/tourcurator/222364589784,
600,역삼역 깔끔한 커피숍 할리스커피 아이스 아메리카노 맛집,https://blog.naver.com/forulove7030/222964416965,
601,역삼역 점심 맛집 거대식당,https://blog.naver.com/giftaday/222982203784,
602,306. [역삼] 역삼역 돼지갈비 맛집 갈비삼대,https://blog.naver.com/silverg0218/222716282359,
603,역삼역 미용실 추천 | 이플 헤어에서 레이어드 중단발펌했어요.,https://blog.naver.com/bian258/222829362137,
604,역삼역 전자담배 저렴하고 친절한 카우베이프,https://blog.naver.com/lbvharxsua/222983135886,
605,역삼역 회식 장소 추천 비진도 해물뚝배기 2차로 딱이네,https://blog.naver.com/yumzzing/222992123008,
606,"추천 봉우리 한정식 역삼본점, 회식장소로도 좋은 역삼역 맛집",https://blog.naver.com/maroyuki/222939464558,
607,역삼역 꾸덕한 파스타 꾸우덕,https://blog.naver.com/nayabbbb/222953892599,
608,역삼역 가성비 점심 추천 이태리부대찌개,https://blog.naver.com/lsh1000j/222962786119,
609,"역삼역 카페, 타우너스 에스프레소바 카페",https://blog.naver.com/jina_gogo/222793352477,
610,"역삼역 고기집 야들야들한 소갈비가 존맛탱인 찐맛집, 우륵",https://blog.naver.com/esther_g1/222750066979,
611,역삼역 미용실 탈색 머리 손상 클리닉 (강남 아눔헤어),https://blog.naver.com/mel_holic/222798241165,
612,"[역세권 청년주택] 역삼역 더원역삼, 모집공고, 평면도, 모집공고",https://blog.naver.com/aliceland96/222986736246,
613,역삼역 햄버거 재료부터 신선~!,https://blog.naver.com/eliminate14254/222887905375,
614,초역세권 역삼역 사무실 임대 룸 2개 즉시 입주 가능 47평,https://blog.naver.com/kinnowls/222966119816,
615,"역삼역 밥집 초원밥상 - 점심 7,000원 오늘의 메뉴",https://blog.naver.com/gypsyone/222925738551,
616,역삼역 필라테스 후기 및 추천: 포시즌필라테스,https://blog.naver.com/rami_c/222761923654,
617,새벽까지 영업하는 베이커리 역삼역 카페 펄햅스(Perhaps),https://blog.naver.com/choongchoongchoong/222759282664,
618,텐동의 진면모를 보여주는 역삼역 맛집 나이스샤워,https://blog.naver.com/woojin5060/222986365258,
619,[대우부대찌개 강남본점/역삼역] 수요미식회 부대찌개 맛집,https://blog.naver.com/romancemacho/222699692179,
620,역삼역 맛집 강남 상견례 장소 봉우리한정식,https://blog.naver.com/228112lee/222941030228,
621,[역삼역 횟집] 회식추천 해물모듬 맛집 마린3스토리,https://blog.naver.com/tjsghd1991/222713719001,
622,강남/역삼역 게임파티룸 더스페이스원에서 크리스마스 파티,https://blog.naver.com/gkxmqpdjfnql/222958095638,
623,[역삼역 미용실-꼬모도] 남자짧은머리 / 리젠트컷 / 정해인머리... ,https://blog.naver.com/comodohair00/222992315817,
624,다시 간 이영자 역삼동맛집 돝고기506-역삼역 회식,https://blog.naver.com/le_mong98/222741041750,
625,[역삼역 카페] 지오바네커피 : 고소한 라떼 맛집,https://blog.naver.com/dlssk1004/222976437277,
626,0219 역삼역 와인 콜키지프리 샤퀴테리 맛집 호샤퀴테리에 ②,https://blog.naver.com/p_radn/222659448990,
627,역삼역 브런치맛집 &quot;카페마마스&quot;,https://blog.naver.com/cms7183/222957493158,
628,"[강남,역삼동,역삼역/세석정] 역삼역 인근의 수준급... ",https://blog.naver.com/hdhdd/222837150432,
629,"역삼맛집 • “하몽하몽이베리코” 역삼역 삼겹살, 회식맛집 추천",https://blog.naver.com/kwonstella/222987531328,
630,"강남/역삼역 룸식당, 베이징코야 북경오리구이 후기",https://blog.naver.com/yunse0n/222983206431,
631,역삼역 고기집 삼겹살 맛집 하몽하몽이베리코 맛집이네,https://blog.naver.com/minnnui/222791564810,
632,역삼역 바다양푼이동태탕- 시원한 국물이 좋았던 동태탕,https://blog.naver.com/sagak815/222505355594,
633,[서울시 지선버스]대흥교통 4211번 (염곡동·역삼역·압구정역... ,https://blog.naver.com/goyangneoguri/222979838100,
634,역삼역 월남쌈 쌀국수 땡길 때 포메인 역삼gs타워점,https://blog.naver.com/crystal_ing_/222932525612,
635,역삼역 사무실 임대 중소형 월세 [EMC타워],https://blog.naver.com/ablelish/222989566690,
636,라희 데일리룩 : 역삼역 엄마랑 데이트 하러 가는 옷,https://blog.naver.com/powerppodea/222771871324,
637,역삼역 일요일진료 한의원 후유증 치료 늦지 않게,https://blog.naver.com/r5i8ad60k66/222851401845,
638,"[맛집]호돌이반점_역삼역 중식당,직장인점심",https://blog.naver.com/hyounchy/222769004801,
639,[강남/역삼] 생면 라구... 강남N점&apos;/강남역 역삼역 파스타... ,https://blog.naver.com/starbonggi/222929778414,
640,"강남역 고시원,역삼동 고시원,역삼역,선릉역 고시텔... ",https://blog.naver.com/lege/222911007282,
641,"이여곰탕 역삼역 _ 푸짐한 고기, 깔끔담백한 곰탕맛!",https://blog.naver.com/byeoli100/222973699118,
642,역삼역 회식장소 추천 - 서울로인 강남N점 디너A코스 ( 강남... ,https://blog.naver.com/cjswlckdwh810/222860362608,
643,역삼역 술집 맛집 생활맥주,https://blog.naver.com/ccamjigi77/222747093745,
644,강남구 역삼동빌라 신축분양 매매 테헤란로 직주근접 역삼역 투룸,https://blog.naver.com/fghhtdfgh89/222824139762,
645,전담 액상 구매 ! 무조건 여기! 역삼역 전자담배 카우베이프,https://blog.naver.com/skawldus1010/222985645990,
646,"[역삼역 카페] 강남 분위기 좋은 카페, 수수 커피",https://blog.naver.com/hadimday/222982524701,
647,역삼역 맛집 게장 맛집오다리집 간장게장 &amp; 대우부대찌개 2곳... ,https://blog.naver.com/tjfgml2927/222970925376,
648,역삼역 밥집 토끼회관 어때,https://blog.naver.com/gospel416/222750003536,
649,"오렌지플래닛 임대 정보, 테헤란로빌딩 역삼역 근린생활시설",https://blog.naver.com/smspkkb/222782818536,
650,역삼역 꼼장어 맛집 소문난기장꼼장어!,https://blog.naver.com/ccamjigi77/222682547492,
651,"역삼역 맛집 핑크솔740 파스타,스테이크 맛있는 가성비... ",https://blog.naver.com/jinlihyeri/222981816547,
652,역삼역 샐러드 추천 다이어트 식단 맛집 &apos;바디쉐프&quot;,https://blog.naver.com/teetee777/222975067710,
653,[서울] 타우너스 에프스레소 바 - 역삼역 에스프레소바 카페,https://blog.naver.com/firstkokkiri/222955988555,
654,"[선릉 피부관리] 엘스킨라운지, 역삼역 에스테틱 물방울",https://blog.naver.com/sophialim28/222978773644,
655,역삼역 고기집 대작 돼지갈비 짱맛,https://blog.naver.com/kizaki56/222399934924,
656,"역삼역 맛집, 하몽하몽이베리코",https://blog.naver.com/kkjj4742/222965574529,
657,역삼역 삼겹살 맛집 하몽하몽이베리코 베요타프리미엄세트 :),https://blog.naver.com/tjfflqmdl/222766179862,
658,[역삼동 아파트/역삼역]역삼동 강남파이낸스센터인근... ,https://blog.naver.com/zest060/222875521583,
659,역삼역 혼밥 슬라이스룸 센터필드점 역삼동 피자가 맛있는... ,https://blog.naver.com/4th0fjuly/222987393832,
660,역삼역 미용실 아눔헤어 우지용디자이너쌤 에게 염색... ,https://blog.naver.com/j_h1234/222845424570,
661,[강남 마카롱/역삼역 마카롱] 수제디저트전문점 앙카페 역삼,https://blog.naver.com/rvd_romi/222746596442,
662,"역삼역 고기집 동화고옥 갈비 코스요리 디너 후기 (가격,메뉴)",https://blog.naver.com/teemogogo/222852665886,
663,역삼역 초밥 강남 일식집 김남완초밥집,https://blog.naver.com/chsmanager/222981368493,
664,강남 수제버거 맛집 역삼역 버거 캐스터네츠 후기,https://blog.naver.com/annieeeeeeeeee/222841380916,
665,역삼역 헬스장 1월부터 오브휘트니스에서 운동,https://blog.naver.com/jyspyh11/222988749422,
666,역삼역 치킨집_또봉이 통닭,https://blog.naver.com/rhkdals5566/222987714878,
667,역삼역 곱창 맛집 30년이 넘는 역사를 갖고 있는 곳,https://blog.naver.com/ikqm77/222987604964,
668,[강남역 맛집]역삼역 고기집 소갈비 전문점 우륵,https://blog.naver.com/guccilauren/222735591270,
669,역삼역 밥집 토끼회관 역삼역덮밥맛집,https://blog.naver.com/grace348/222951212574,
670,역삼역pt 1:1 맞춤 트레이닝 만족할 수밖에!,https://blog.naver.com/dlthflove/222705088562,
671,역삼역 중국집 ‘안사부’ 도삭면 맛집 (짬뽕/우육면/탕수육),https://blog.naver.com/ee6455/222978507964,
672,[맛집 강남] 역삼역 스터디 카페 추천 - 역삼 달콤커피,https://blog.naver.com/1cor_13/222989844269,
673,역삼역 파스타 꾸우덕 이름처럼 꾸덕해!,https://blog.naver.com/animalcc/222972450628,
674,역삼맛집 ㅡ 역삼역 타이 음식점 쁘라텟타이,https://blog.naver.com/qde78/222943951152,
675,역삼역 초밥 찾아낸 맛집 스시담다,https://blog.naver.com/crystal_ing_/222920347694,
676,[맛집 역삼] 역삼역 혼밥 추천 - 진지덮밥&amp;돈가스 역삼점,https://blog.naver.com/1cor_13/222990316565,
677,역삼역 리밍- 맛있지만 부담스러웠던 삼선짬뽕,https://blog.naver.com/sagak815/222590210125,
678,[국내호텔] 역삼역 AC호텔 바이 메리어트 서울강남,https://blog.naver.com/cmdi11/222837797063,
679,"역삼역 점심 참맛집 혼밥, 한식 백반 맛집 추천",https://blog.naver.com/heali930806/222950212956,
680,역삼역 혼밥해도 좋을 노브랜드버거 역삼역점 첫방문,https://blog.naver.com/miwako1212/222700135772,
681,역삼역 스페셜티 커피 502커피로스터스,https://blog.naver.com/dhwjd0919/222990331371,
682,[역삼맛집] 건강하고 맛있는 역삼역 샐러드 :: 뱃살도둑 역삼점,https://blog.naver.com/carino0730/222752754933,
683,"강남역 역삼역 오마카세, 스시산원 청",https://blog.naver.com/1989snow/222977525670,
684,한판도/역삼역고기집/역삼역 맛집,https://blog.naver.com/happ_y_hee/222954830353,
685,"역삼역 한식! 호보식당_제육, 매운갈비, 된장찌개 점심 후기",https://blog.naver.com/byeoli100/222966605177,
686,역삼역 불이아 @ 고급진 훠궈전문점,https://blog.naver.com/rlaskaeod/222651312356,
687,역삼역 초밥) 김남완초밥집_합리적인 가격의 스시맛집,https://blog.naver.com/bowon1462/222752476687,
688,역삼역 든든곰국수- 가격 대비 먹을 만했던 사골칼국수,https://blog.naver.com/sagak815/222381016079,
689,[역삼역 포케맛집] 포케의 품격 “밸런스 포케” 메뉴판... ,https://blog.naver.com/dansmoncoeur/222896113694,
690,역삼역 오징어볶음 맛집! 우리집 추천해요,https://blog.naver.com/mary_zzine/222734302508,
691,역삼역 와인바 컨티뉴엄 : 역삼 센터필드 맛집 (ft. 우영우 빌딩... ,https://blog.naver.com/daon77/222865639078,
692,[역삼역/강남역] 테이블스 - 빵지순례 역삼동베이커리... ,https://blog.naver.com/pally4844/222988309756,
693,"역삼역 맛집 가볼만한곳, 나이스샤워",https://blog.naver.com/son018/222955427396,
694,역삼역 피부과 겨울철 적합한 시술은?,https://blog.naver.com/dtyc213as/222987667707,
695,"[찐리뷰] 역삼 더뭉티기, 서비스 해장국까지도 맛있는 역삼역... ",https://blog.naver.com/mukdoo8/222954884953,
696,역삼역 카페 저렴한 위싱웰 커피,https://blog.naver.com/enzacta123/222956529312,
697,보리굴비가 맛있는 역삼역 맛집 봉우리한정식,https://blog.naver.com/skyseekr/222921642016,
698,역삼역 맛집 :: 환상적인 분위기를 자랑하는 츄라우미와... ,https://blog.naver.com/akxlfek22/222953764274,
699,[강남∙역삼] 달빛화로... 맛까지 보장하는 역삼역 맛집 (221117),https://blog.naver.com/qcumber_kr/222978280974,
700,역삼역 초밥 맛집 김남완초밥집 단골될래,https://blog.naver.com/dnvkd/222955988434,
701,역삼역 미용실 아눔헤어(이지은 디자이너) 긴머리 굵은 웨이브펌,https://blog.naver.com/orionjung_/222986594934,
702,"역삼역 카페 / 파스쿠찌, 넓은 공간이 주는 매력 (메뉴... ",https://blog.naver.com/bright_kwon/222863784567,
703,"[역삼역 미용실] 2022 여자 염색 추천해요, 탈색없는... ",https://blog.naver.com/lindsay1001/222835342381,
704,역삼역 고기집 - 가성비 좋은 숙성소갈비 전문점 &apos;우륵&apos;,https://blog.naver.com/mike8283/222736930448,
705,역삼역 사옥 임대 테헤란로 신축 전용 400평 이상,https://blog.naver.com/ckdaecheol/222773114712,
706,강남 수제버거 맛집 역삼역 버거 캐스터네츠!,https://blog.naver.com/ccamjigi77/222764836632,
707,[매드와인케이브 역삼점] 역삼와인샵 | 역삼와이너리 | 역삼역... ,https://blog.naver.com/hellofany11/222967788968,
708,강남 역삼역 근처 맛집 신동궁감자탕뼈숯불구이,https://blog.naver.com/ojeugene/222991762344,
709,[역삼역/역삼동]몸보신이 필요할때 뜨끈한 상황버섯약수삼계탕,https://blog.naver.com/tsung15/222978115790,
710,[강남/역삼 꽃집] 역삼역 꽃집 페아라 플로,https://blog.naver.com/flower_miri/222981892805,
711,역삼역 카페 테이블스 신선한 강남 베이커리,https://blog.naver.com/uchoa/222952067226,
712,역삼동신축빌라 더클래스20차 역삼역 역세권의 투룸빌라,https://blog.naver.com/archi1075/222593431589,
713,강남 수제버거 맛집 / 역삼역 버거 맛집 캐스터네츠 강남N타워점,https://blog.naver.com/moon_i20/222791826149,
714,"[역삼역/선릉역] 추억의 경양식 돈까스, 제이돈까스",https://blog.naver.com/appletalk1130/222682075677,
715,"강남 미용실, 역삼역 미용실 / 가성비도 훌륭한 헤어샵... ",https://blog.naver.com/nhk0303/222891890034,
716,역삼역 맛집 장호왕곱창- 칼칼하고 맛있는 돼지고기 김치찌개,https://blog.naver.com/sagak815/222649242494,
717,역삼역 맛집 호타루 일본라멘 전문점,https://blog.naver.com/theuhakus/222702687894,
718,"역삼역 필라테스, 알로하필라테스  6달 후기",https://blog.naver.com/likeslamdunk/222664956683,
719,서울 강남역 역삼역 카페 블루보틀 역삼 메뉴 추천,https://blog.naver.com/hayo92/222982273487,
720,역삼역 신상카페 역삼 르와조 챔피언의 맛이란?,https://blog.naver.com/theuhakus/222667509331,
721,역삼역 샐러드 - 뱃살도둑,https://blog.naver.com/cjeshy/222754067059,
722,"역삼역 냉면 / 신촌설렁탕 함흥냉면, 99.8% 고구마전분면의... ",https://blog.naver.com/bright_kwon/222748741226,
723,역삼역 와인바에서 즐긴 와인과의 데이트 ○ 컨티뉴엄,https://blog.naver.com/p911c4/222858555170,
724,"일상기록 | 역삼역 조개찜 맛집, 리움미술관, 연희동 책바, 울산... ",https://blog.naver.com/ma_koala/222719631270,
725,돼지갈비가 맛있는 역삼역 고기집 갈비삼대 추천!,https://blog.naver.com/lsj28720/222729142222,
726,역삼역 엄마손식당- 준수한 가정식백반 전문점,https://blog.naver.com/sagak815/222437194060,
727,역삼역 혼밥 든든하게 부산아지매국밥 역삼점,https://blog.naver.com/dnrltlhc/222950763399,
728,역삼역 카페 * 더레어뮤지엄 강남 이색카페 애견동반 포토존,https://blog.naver.com/lalacdnt/222977812387,
729,역삼역 돈까스 맛집_ 갓포돈 (김치가츠나베),https://blog.naver.com/sandeul_handeul/222977430113,
730,역삼역 스타벅스 센터필드R점 방문 후기,https://blog.naver.com/rlrlqkq2/222737007845,
731,"역삼역 고기집 :: 하몽하몽이베리코, 가성비 좋은 삼겹살 맛집",https://blog.naver.com/eon317/222710614249,
732,[역삼역] 인도의 향이 폴폴~ “아그라”,https://blog.naver.com/oe1814/222979877094,
733,"역삼동 중식당 1등 확정! 반박 시 맛알못, 역삼역 &lt;장쓰동... ",https://blog.naver.com/heungnam2/222893903284,
734,"[강남,역삼동,역삼역/우륵] 간단하게 식사를 하러 갔다가 갈비를... ",https://blog.naver.com/hdhdd/222883648785,
735,역삼역 에스테틱 엘스킨라운지에서 피부관리 받고 온 후기,https://blog.naver.com/hamkkong/222981656359,
736,"역삼역 마사지 추천, 상하이마사지 피로회복 후기",https://blog.naver.com/lemonic119/222695197916,
737,"강남N타워,역삼역 사무실(상가 B1층 임대)",https://blog.naver.com/valueupbd/222992129229,
738,[역삼역 맛집] 혼밥하기 좋은 텐동 맛집 - 신야텐야 역삼점,https://blog.naver.com/sangpp77/222979763806,
739,중년 하안검 붓기와 통증은? 역삼역 성형외과,https://blog.naver.com/6127800/222988053936,
740,"카페413프로젝트, 역삼역 브런치 카페 케이크맛집",https://blog.naver.com/blueseashore/222898889255,
741,역삼역 복싱 인사이드짐 체육관,https://blog.naver.com/boxinginsidegym/222986583259,
742,[역삼 조개랑 &amp; 칼국수] 역삼역 조개찜 &amp; 칼국수 맛있는 집,https://blog.naver.com/hafee1/222769090568,
743,역삼역 중식 맛집 점심 먹기 좋은 중리,https://blog.naver.com/sah0007/222976233843,
744,역삼역 목여드름치료 자국감소,https://blog.naver.com/kojong0009/222989451213,
745,줄어듦 없이 올곧은 역삼역 사옥 임대,https://blog.naver.com/ckdaecheol/222662481536,
746,"역삼역 카페 나를 찾아가기 좋은 공간, 배드라핀 (Badlapin)",https://blog.naver.com/hwangham/222820761945,
747,"역삼역, 강남역 | 수제버거, 파스트라미 샌드위치 맛집 데일리픽스",https://blog.naver.com/hongvely26/222983427092,
748,태국식쌀국수 맛이 끝내주는 소이연남 역삼역 센터필드 맛집 추천,https://blog.naver.com/twoyeons0320/222765946607,
749,역삼역 마사지 상하이마사지에서 전신관리!,https://blog.naver.com/jihye0212/222633580896,
750,[역삼역] 도야짬뽕 역삼점 &quot;짬뽕&quot;,https://blog.naver.com/santajoajoa/222955198025,
751,역삼역 술집 르씨엘베르 와인과 함께 즐기는 안주,https://blog.naver.com/magnolia707/222535492754,
752,역삼역 카페: alartz 얼아츠,https://blog.naver.com/sgw0301/222135714443,
753,역삼역 텐동 맛집_나이스샤워,https://blog.naver.com/bjr2co/222973629536,
754,역삼역 텐동 맛집 나이스샤워,https://blog.naver.com/kasmipark/222670411151,
755,역삼역 곱창 맛집 강남곱 - 줄서는식당,https://blog.naver.com/gypsyone/222934066744,
756,역삼역 초밥 맛집 김영태스시 강남본점 극상 오마카세 초밥... ,https://blog.naver.com/choongchoongchoong/222755598245,
757,역삼역 미용실 추천! 이플헤어 뿌리매직 너무 깔끔해!,https://blog.naver.com/kny930709/222965628583,
758,역삼역 카페 아티제 케이크 메뉴 추천,https://blog.naver.com/quan140220/222951537688,
759,설날 준비 - 한국은행 강남본부 역삼역 1번출구 신권교환 후기... ,https://blog.naver.com/syrd845/222988341759,
760,역삼역 고기집 최강야구 촬영지 돈육지존,https://blog.naver.com/darkyoon85/222843075231,
761,역삼역 분위기 좋은 책바 #마이리틀케이브(Feat.혼술),https://blog.naver.com/soojpark89/222796529529,
762,[풀옵션 단기] ♥역삼역 인근 화이트톤 깔끔한 테라스 있는... ,https://blog.naver.com/wjdekadms2/222984880519,
763,역삼역 맛집 / 역삼 초밥집ㅣ가성비 좋은 &apos; 김남완초밥집 &apos;,https://blog.naver.com/imhyemin21/222954198692,
764,[역삼역 미용실-꼬모도] 볼륨매직 / 긴머리매직 / 여자아이파마... ,https://blog.naver.com/comodohair00/222986997613,
765,역삼역 레스토랑ㅣ 이탈리안음식과 분위기 좋은 와인&quot; 할스... ,https://blog.naver.com/imhyemin21/222970875315,
766,역삼역 다이어트 한의원 체질을 고려해야,https://blog.naver.com/r5i8ad60k66/222783734984,
767,[ 강남 역삼역 맛집] 라자냐에 진심인 듀오파스타 !분위기 좋은... ,https://blog.naver.com/lck0221/222989960484,
768,[역삼 골프레슨] 골프 잘치고... 역삼역 연결 + GFC 주차장... ,https://blog.naver.com/moneybeast/222886840088,
769,역삼역 샐러드 맛집 _ 뱃살도둑 역삼점 방문후기,https://blog.naver.com/naye517/222829553047,
770,역삼역 파크루안- 재료가 실하고 맛있었던 중국집 잡채밥,https://blog.naver.com/sagak815/222400222458,
771,기러기 토마토 스위스 인도인 별똥별 역삼역 우영우(스포 있을... ,https://blog.naver.com/nanasoo123/222808727746,
772,역삼역 미용실 아눔헤어 유태균쌤 염색,https://blog.naver.com/tngus2197/222957296662,
773,역삼역 추나요법 자세 및 체형 교정에 도움,https://blog.naver.com/r5i8ad60k66/222800667725,
774,역삼역 카페 고요한 얼아츠 디저트도 먹을걸..,https://blog.naver.com/kasmipark/222672142777,
775,마구로센 역삼역 룸식당 참치집 추천,https://blog.naver.com/travelhola/222722593404,
776,역삼역 점심고기 &quot;조선부뚜막 역삼점&quot;,https://blog.naver.com/cms7183/222955813969,
777,［역삼역 조개찜］조개랑 칼국수-해물요리전문점 방문후기,https://blog.naver.com/sujan1370/222752500215,
778,역삼역 목살맛집 땅코참숯구이,https://blog.naver.com/supermario_d/222642571160,
779,"역삼역 겨울철 안주 과메기 맛집 추천, 우리집",https://blog.naver.com/teheranro_/222975700703,
780,"역삼역 중국집 / 취원, 기본은 하는 중식당 (메뉴)",https://blog.naver.com/bright_kwon/222718181734,
781,역삼역 맛집 우륵 소고기 꽃갈비 역삼회식장소,https://blog.naver.com/grace348/222949239670,
782,[역삼역 맛집] 역삼역 술집 이자카야 일식당 츄라우미 리얼 후기!!,https://blog.naver.com/byung_ran/222991071680,
783,역삼역 직장인 점심!! 주5일 매일 기록하기 도전! (1),https://blog.naver.com/ttosim55/222988848574,
784,[역삼역 맛집] 우럭젓국 - 이색메뉴 향토음식 그리고 아주... ,https://blog.naver.com/sielle83/222567878058,
785,역삼역 맛집 :) 강남 한정식으로 추천하는 봉우리 한정식,https://blog.naver.com/ddiamosho/222749159566,
786,역삼역 맛집 추천 토끼회관에서 덮밥 먹은 솔직후기,https://blog.naver.com/dogguthird/222954227051,
787,"[뷰티]자연스러운 JC컬 속눈썹 연장, 역삼역 ‘아이미래쉬’",https://blog.naver.com/travlogbychristine/222799618495,
788,역삼역 해장국 맛집 삼백집,https://blog.naver.com/ccamjigi77/222727189583,
789,"[강남,역삼동,역삼역/두리찹쌀순대] 오랜만에 해장이... ",https://blog.naver.com/hdhdd/222850742615,
790,역삼역 혼밥 : 내 최애 감자탕 일미집 ♥,https://blog.naver.com/hand4444/222654023527,
791,역삼역 헬스장: 피트니스라운지 역삼 헬스장,https://blog.naver.com/kulen/222731643500,
792,[역삼역 피티샵/역삼 헬스장]친절하고 전문적인 역삼동 피티샵... ,https://blog.naver.com/cowvape97/222989476669,
793,PMK빌딩 임대 역삼역 사무실,https://blog.naver.com/ckdaecheol/222650551455,
794,"강남 역삼역 덮밥 맛집, 연어덮밥 맛있는 토끼회관",https://blog.naver.com/greenuni/222716518320,
795,역삼역 미용실 살롱드미네스헤어 솜브레 후기,https://blog.naver.com/gwok_choi/222673996897,
796,[역삼] 역삼역 gs타워 맛집 뽕사부 역삼점 짬뽕24 생활의 달인... ,https://blog.naver.com/likeplum5/222935307572,
797,역삼역 삼겹살 맛집 남호식당 재방문 각!,https://blog.naver.com/106904/222963582811,
798,역삼역 역세권 청년주택 더원역삼 모집공고문 임대료 평면도... ,https://blog.naver.com/yunahchoo/222986969488,
799,역삼역 밥집 겸 안주 맛집 이자카야 &quot;그릴 아지사이&quot;,https://blog.naver.com/yiroum/222985837375,
800,[역삼역]역삼역직장인이 인정하는 하몽하몽이베리코 역삼점... ,https://blog.naver.com/kimeh2497/222979647326,
801,"역삼역 카페/ 미술관 같은 분위기의 역삼동카페, 클로리스",https://blog.naver.com/by_park__/222988775645,
802,분위기 좋은 역삼역 레스토랑 자르뎅페르뒤 코스요리,https://blog.naver.com/dyung6774/222968243087,
803,역삼역 족발 맛집 찾는다면 BHC 족발상회,https://blog.naver.com/house5213/222240631585,
804,"[강남,역삼동,역삼역/동경전통육개장] 돌고 돌아 원래 자리를... ",https://blog.naver.com/hdhdd/222887119078,
805,역삼역 샐러드 점심 먹기 좋은 뷰티풀샐러드&amp;도시락,https://blog.naver.com/bitnagg/222980162543,
806,역삼역  점심 고민중 이라면 -도야짬뽕을 먹어보는 건 어떤지,https://blog.naver.com/start_of_beauty/222989063356,
807,[역삼역 고기집]역삼역 삼겹살 새마을 식당 다녀왔어요!,https://blog.naver.com/byeol0302/222987415021,
808,"역삼역 루프탑 클라우드, 공주놀이하기 좋은 곳... ",https://blog.naver.com/minjoo9318/222982296337,
809,[내돈내산 후기] 모임 장소로 좋은 강남역/역삼역 훠궈 맛집... ,https://blog.naver.com/hyunmi890914/222985603970,
810,강남 맛집 역삼역 뽕사부 대신 생긴 안사부,https://blog.naver.com/21o729/222961386564,
811,강남 역삼역 싸다김밥 가성비좋은 24시김밥집,https://blog.naver.com/eikwniio123/222985731645,
812,역삼역 베이커리 카페 소금빵 맛집 카페포레,https://blog.naver.com/alsdl7713/222942862304,
813,"[서울] 강남 수제버거 맛집, 역삼역 버거 - 캐스터네츠 강남N점",https://blog.naver.com/mllesuzi_/222793546443,
814,역삼동 / 우진가 The Chambers : 역삼역 프리미엄 한우 전문점,https://blog.naver.com/begopa1092/222325518284,
815,역삼역 국밥 : 실한 갈비탕 @거자필반,https://blog.naver.com/sowonish_/222627262291,
816,#역삼역 중식당 맛집 # 사천요리 주점 장쓰동 by 부리부리잭,https://blog.naver.com/misterfm/222898735274,
817,[강남역/ 역삼역] 단체 모임하기 좋은 한우 갈비 맛집 강강술래,https://blog.naver.com/lieblich_molly/222986777705,
818,역삼역 오피스 양화타워 임대,https://blog.naver.com/ckdaecheol/222637509914,
819,"[강남,역삼동,역삼역/두껍삼 역삼직영점] 런치정식을 독립된... ",https://blog.naver.com/hdhdd/222870847839,
820,"저려미 역삼역 샐러드! &apos;뱃살도둑&apos; (역삼 샐러드, 강남포케)",https://blog.naver.com/fwa_coach/222786938538,
821,역삼역 한국은행 강남본부 신권교환,https://blog.naver.com/isthisheaven/222635176471,
822,역삼역 샐러드 추천 바디쉐프에서 다이어트김밥 먹었어요,https://blog.naver.com/foodforfuture/222958201787,
823,역삼역 더샵스앳센터필드 소이연남 태국음식 맛집 쌀국수... ,https://blog.naver.com/urst0100/222978930453,
824,일품이었던 역삼역 맛집,https://blog.naver.com/dlsck00/222840607645,
825,역삼역 덮밥 &gt; 연어장덮밥과 생맥주 한잔!  &apos;토끼회관&apos;,https://blog.naver.com/aisiaufamily/222694544287,
826,"역삼역 맛집 &apos;핑크솔740&apos;, 감성충만 숲속 정원같은 와인 레스토랑",https://blog.naver.com/postman6666/222852641131,
827,[역삼네일] 역삼역 새로생긴 감성 네일샵 이달의 네일아트... ,https://blog.naver.com/juvely_hehe/222989700486,
828,역삼역 해장국 맛집 달래해장 달래해장전골 후기,https://blog.naver.com/lsh1000j/222961571920,
829,역삼역 강남역 미용실 진심 추천 - 이플헤어,https://blog.naver.com/lux03300/222664584923,
830,서울 역삼역 카페 해머스미스커피 본점,https://blog.naver.com/gjcltms1/222972498050,
831,역삼동 중식 맛집 || 역삼역 회식/단체모임하기 딱 좋은 &apos;연화산&apos;,https://blog.naver.com/tgds141211/222969580421,
832,"역삼역 브런치카페 추천 카페413프로젝트, 쫄깃한... ",https://blog.naver.com/1luvit/222985270447,
833,역삼역 돈육지존 이영자맛집 수제 뼈삼겹살,https://blog.naver.com/merrishop/222674651386,
834,역삼역 단기임대 풀옵션 더블 역세권 나오면 바로바로... ,https://blog.naver.com/khko272/222982643549,
835,강남구 역삼역 비건 식당 러빙헛 역삼점 - 오늘의 파스타... ,https://blog.naver.com/nhkworld/222647514547,
836,역삼역 카페 블루보틀 강남N타워,https://blog.naver.com/effy0424/222636900791,
837,"역삼역PT, 피티아지트 횟수랑 가격 모두 만죠크",https://blog.naver.com/likeslamdunk/222630871871,
838,역삼역 마카롱 맛집 수제 디저트라 더 꾸덕하고 맛있는 앙카페,https://blog.naver.com/smile_zz/222717743694,
839,역삼역 달래해장 국물맛이 좋은 곳,https://blog.naver.com/channi890/222966462456,
840,갑상선기능항진증 증상 역삼역 내분비내과 치료,https://blog.naver.com/ysthepureblog/222981001772,
841,역삼역 맛집 / 뱃살도둑 역삼점 / 역삼 샐러드 찾으신다면 여기!,https://blog.naver.com/leeb000/222710175950,
842,큰길타워 임대 역삼역 사무실,https://blog.naver.com/ckdaecheol/222761274835,
843,[강남구/역삼] 역삼역 피자 맛집 센터필드 맛집 슬라이스룸... ,https://blog.naver.com/dbflsdl91/222969214800,
844,역삼역 카페 커피프릭스 사진 500장 가능,https://blog.naver.com/jangwoogyu/222619952231,
845,역삼역 필라테스 차원필라테스에서 개인레슨 받기!,https://blog.naver.com/jihye0212/222627294081,
846,역삼역 냉면 맛집 을밀대 역삼 평양냉면 평냉,https://blog.naver.com/sah0007/222976241870,
847,역삼역 초밥 : 가성비 좋은 일식점을 찾는다면? 김남완초밥집,https://blog.naver.com/sess09/222695573016,
848,역삼역 버거 캐스터네츠 강남N점 강남 수제버거 맛집 추천!!!,https://blog.naver.com/hwadlzak/222780592316,
849,"역삼역 횟집, 마린3스토리(역삼 맛집)",https://blog.naver.com/hi_jubilee/222601781530,
850,역삼역 블럭사이에 위치한 원룸원거실구조의 &quot; 마이바움역삼 &quot;,https://blog.naver.com/wjdekadms1/222984238619,
851,역삼역 블루보틀 놀라 플로트 늦었지만 먹어봄 (W.강남N타워점),https://blog.naver.com/dladhkdfkr/222740022221,
852,(서울/역삼) 역삼역 맛집 - 호샤퀴테리에,https://blog.naver.com/elfyen/222662283170,
853,"역삼역 맛집 추천, 진가와 한국본점 냉 메밀면 &amp; 에비텐 우동",https://blog.naver.com/895665/222715842620,
854,"역삼역 카페 / 데어무트, 직접... 케이크, 디저트가 있는 역삼 카페",https://blog.naver.com/bright_kwon/222845497571,
855,역삼역 센터필드 커피 OPH 오리지널 팬케이크 하우스 카페... ,https://blog.naver.com/jinmath78/222978500084,
856,역삼역 돼지갈비맛집... 두툼한 왕갈비가 맛있는 역삼역 고기집,https://blog.naver.com/choongchoongchoong/222481604323,
857,[역삼역 미용실-꼬모도] 남자머리 / 드롭컷 / 가일컷 / 크롭컷... ,https://blog.naver.com/comodohair00/222989034813,
858,역삼역 와인바 음식도 분위기도 굿인 배드라핀,https://blog.naver.com/takvly_/222969379973,
859,[역삼역/역삼동] 맛있는 태국 음식점 쁘라텟타이,https://blog.naver.com/lizela87/222651455599,
860,역삼역 갈비탕 맛집 &apos;갈비다움&apos; 내돈내산 후기,https://blog.naver.com/ley3330/222961277963,
861,[역삼역 중국집] 역삼GS타워 분위기 좋은 중식맛집 명정루,https://blog.naver.com/heebomi/222684515962,
862,역삼역 혼밥 맛집 일익스프레스 강남 장어덮밥 너무 마싯서!,https://blog.naver.com/quan140220/222926424555,
863,[강남 수제버거 맛집/역삼역 버거] 역삼역 강남 수제버거 추천... ,https://blog.naver.com/eoudy/222907932001,
864,역삼역 이색적인 플라워카페 &lt;얼아츠&gt;,https://blog.naver.com/mrbaek0119/222595937343,
865,"역삼역 맛집 &lt;진가와&gt; 한국본점, 분위기 좋은 역삼역 이자카야",https://blog.naver.com/grb_080913/222697987586,
866,"역삼역 카페 / 커피빈, 디카페인 커피가 있는 카페 (커피빈... ",https://blog.naver.com/bright_kwon/222840201304,
867,역삼역 수육 맛집 이여곰탕,https://blog.naver.com/silver7493/222168268704,
868,역삼역 미용실 맨즈테틱헤어 커트후기,https://blog.naver.com/llleyj/222646842704,
869,역삼역 맛집 엘지아트센터 맛집 ㅋ중식 장쓰동,https://blog.naver.com/hotelefant/222643367746,
870,역삼역 센터필드 한식 점심 맛집 미미담 방문후기,https://blog.naver.com/jinmath78/222980148646,
871,강남 수제버거 맛집 캐스터네츠 역삼역 점심 맛집,https://blog.naver.com/namheezi/222779331623,
872,역삼역 인도커리☞아그라 N타워점,https://blog.naver.com/mozzijelly/222976857545,
873,"[역삼동 아파트/언주역,역삼역]역삼동 학동초배정... ",https://blog.naver.com/zest060/222897401879,
874,역삼역 두피모낭염치료 재발없이,https://blog.naver.com/holiday2014/222987591034,
875,역삼역 중식 파크루안 역삼점,https://blog.naver.com/fsh1329/222562457712,
876,역삼역 속눈썹펌 [뷰티애비뉴] 속눈썹펌 유목민인 내가 드디어... ,https://blog.naver.com/jenny_yeah/222977666016,
877,"점심 혼밥하기 좋은 역삼역 라멘집, 마제소바가 있는... ",https://blog.naver.com/mindmoon/222721872246,
878,역삼역 맥주 / 강남 수제맥주 :: 구스아일랜드 브루하우스,https://blog.naver.com/7yjlove7/222725079697,
879,"큼직한 업무시설 , 가성비까지 갖춘 역삼역 사무실 임대",https://blog.naver.com/rnepfk7435/222946415701,
880,[강남/역삼역] 퇴근하고 맥주 한잔 하기 좋은 역삼 맥주집... ,https://blog.naver.com/ahnuh943/222988681143,
881,역삼역 원당골- 점심 고추장두부찌개 맛이 괜찮은 집(feat.... ,https://blog.naver.com/sagak815/222278464066,
882,"역삼동 사무실 임대 30평대, 역삼역 연층 60평 가능",https://blog.naver.com/sidsung/222982255551,
883,[내돈내산] 역삼역 규카츠 스테이크 맛집 후라토식당,https://blog.naver.com/zephyros0/222720879890,
884,[역삼역 브런치] 빌즈 강남,https://blog.naver.com/flowercallia/222973887091,
885,"역삼역 떡볶이 봉구가래떡볶이... 배달 포장 맛집, &quot;강남역삼점&quot;",https://blog.naver.com/miwoomiwoo27/222751353784,
886,"[역삼역 파스타] 이태리 유학파가 인정한 화덕피자, 파스타 맛집... ",https://blog.naver.com/ysh0835/222834781343,
887,"역삼역 사무실임대 , 역세권에 룸 5개 랍니다.",https://blog.naver.com/cl7258/222937058667,
888,역삼역 갈비곰탕 맛집 거자필반,https://blog.naver.com/lsh1000j/222958201603,
889,더포엠 역삼 오피스텔 역삼역 모델하우스 정보,https://blog.naver.com/tkddn1539/222662048913,
890,[강남] 역삼역 증명사진 :: 스튜디오 원픽 촬영후기,https://blog.naver.com/yoojooyj/222950549619,
891,역삼역 피부관리 엘린에스테틱 (ft. 기노관리),https://blog.naver.com/woorim0ju/222619642590,
892,역삼역 와인바 고급스러운 분위기,https://blog.naver.com/twotwo2927/222988818708,
893,역삼역 족발 회식하기에도 제격인 삼다족발!,https://blog.naver.com/hwangham/222216733858,
894,역삼역 맛집 더 뭉티기 한티역 한우 육회 육사시미 가격,https://blog.naver.com/yolo6277/222960555646,
895,강남역 역삼역 프리미엄 골프연습장 &quot;골프 플래닛&quot;,https://blog.naver.com/bubipo/222865090959,
896,[강남구/역삼] 핑크솔740 역삼역 파스타 맛집에서 친구와 데이트,https://blog.naver.com/lofongs/222680272075,
897,역삼역 미용실에서 관리하기 쉬운 단발레이어드펌하고 왔어요... ,https://blog.naver.com/eunjee94/222844268224,
898,역삼역 삼겹살 - 하몽하몽이베리코 역삼점 : 베요타 황제세트,https://blog.naver.com/offspring84/222694603647,
899,도원빌딩 임대 역삼역 대로변사무실 1층        전용142 안내해오,https://blog.naver.com/pybboss/222685088306,
900,역삼역 미용실 이플헤어 : 단발 볼륨매직 테슬컷 ♥︎,https://blog.naver.com/micky_o0o/222705698408,
901,이색적인 역삼역 점심 맛집 TOP5,https://blog.naver.com/moomooko/222624204577,
902,역삼역 카페 502커피로스터스 커피맛집 + 주차정보,https://blog.naver.com/ahrisa7/222980323947,
903,[역삼역]전봇대(굴보쌈)-노포같은 감성,https://blog.naver.com/cottcotte/222975925666,
904,역삼역 회식 편하게 이용했어요,https://blog.naver.com/leeks9095/221719020431,
905,역삼역 소고기 우시야: 한우 야끼니꾸로 역삼역 회식하기 좋은 곳,https://blog.naver.com/few109/222707613118,
906,역삼역 고시원 역삼동 고시텔 강남구 원룸텔 &apos;몽쉘하우스... ,https://blog.naver.com/neoflat1116/222962820965,
907,태광타워 임대 역삼역 사무실,https://blog.naver.com/ckdaecheol/222804355689,
908,"아세아타워 임대, 역삼역 대형사무실",https://blog.naver.com/smspkkb/222624408408,
909,[역삼동 햄버거] 역삼역 NBB 노브랜드버거 메뉴 시그니처버거... ,https://blog.naver.com/enoue37/222793904461,
910,[역삼역] 추운날 또 생각나는 뜨끈한 만두칼국수집 “서울집”,https://blog.naver.com/oe1814/222978782358,
911,◆강남단기임대◆역삼역 역세권 원룸원거실의 표본 &quot;울프슨빌... ,https://blog.naver.com/wjdekadms1/222976793071,
912,메디앙스401 빌딩 임대 역삼역 사무실,https://blog.naver.com/ckdaecheol/222697264666,
913,"#46 강남, 역삼역 인근 혼밥, 든든한 한끼 백암 왕순대",https://blog.naver.com/aaq00/222982015709,
914,열정♡봉사동행 - [카페리] 2호선 역삼역 1번 출구,https://blog.naver.com/clala92/222916046968,
915,[역삼역 미용실-꼬모도] 허그컷 / 윈드컷 / 웬디컷... ,https://blog.naver.com/comodohair00/222987810506,
916,"강남역삼점]돼지고기가 너무 맛있는 강남 돼지갈비, 역삼역... ",https://blog.naver.com/hafee1/222775561150,
917,역삼역 미용실 아눔헤어 디자이너 주은지 염색잘하는곳... ,https://blog.naver.com/msunh/222733651376,
918,[역삼] 역삼역 점심시간 줄 안서는 맛집 ‘우럭젓국’,https://blog.naver.com/sweetkkubi/222766205798,
919,[강남] 가성비 좋은 역삼역 초밥 / 백초밥에서 혼밥 !,https://blog.naver.com/daesuk217/222668192181,
920,울긋불긋한 안면홍조 레이저로 치료! 역삼역 피부관리,https://blog.naver.com/fare1513/222988023415,
921,역삼역 노브랜드 버거 메가바이트버거 세트,https://blog.naver.com/lsh1000j/222932748820,
922,역삼역 고기집 - 냉삼 키조개삼합 맛집 랭돈,https://blog.naver.com/winterwind19/222728447173,
923,역삼역 치킨 맛집 보드람치킨 오리지널 후라이드 포장,https://blog.naver.com/jinssis1228/222682640854,
924,카카오 T 주차 역삼역 주차장 구스베이커리 빵집 추천,https://blog.naver.com/ssovely8/222970359364,
925,역삼역 맛집 수라선 전복 꽃게장 솥밥으로 정갈한 식사,https://blog.naver.com/isyuk104/222957163475,
926,역삼역 냉삼 최고는 랭돈,https://blog.naver.com/eunjihello/222621447223,
927,역삼역 고기집 소갈비 맛집 우륵,https://blog.naver.com/ccamjigi77/222703928130,
928,[강남] &apos;그릴640&apos; - 분위기 좋은 역삼역 고기 맛집,https://blog.naver.com/thwjd10103/222946607756,
929,서울 강남 역삼역 초밥 맛집 김남완 초밥 @혼밥 혼술 가능,https://blog.naver.com/wldms1743/222957658532,
930,[역삼동 돼지갈비] 대작 - 역삼역 회식장소로 강추하는 생갈비... ,https://blog.naver.com/104204303/222949382708,
931,[그릴640] 분위기 좋은 역삼역 고기 맛집 방문후기,https://blog.naver.com/ferrari7650/222948163815,
932,"메디앙스401빌딩 임대, 강남 역삼역 사무실 임대",https://blog.naver.com/smspkkb/222763605258,
933,"[역삼역] 가성비 최고 햄버거집, “노브랜드버거”",https://blog.naver.com/oe1814/222958167515,
934,서울상권분석 ( 강남구 역삼역 22-2 상권 &amp; 부자마인드&lt; 절대... ,https://blog.naver.com/ehddnr24/222889093482,
935,건물은 꽃/ 강남역에서 역삼역까지,https://blog.naver.com/ohdavin/222543144508,
936,역삼역 명정루- 볶음밥과 마파두부의 콜라보(feat. 점심 메뉴... ,https://blog.naver.com/sagak815/222611571786,
937,"[리뷰]완전만족한 속눈썹펌 맛집, 역삼역 속눈썹펌, 뷰티애비뉴",https://blog.naver.com/ranakh7/222980754539,
938,회식하기 좋은 역삼역 찐 고기 맛집 골목집,https://blog.naver.com/alice_crown/222990908795,
939,"[강남,역삼동,역삼역/쁘라텟타이] 역삼역 인근의... ",https://blog.naver.com/hdhdd/222791726990,
940,역삼역 &lt;플래시 커피&gt;,https://blog.naver.com/pumpkinpant/222578638805,
941,역삼역 투썸플레이스 카카오 선물 쿠폰으로 아메리카노 주문,https://blog.naver.com/lsh1000j/222952046980,
942,[역삼역] 사보텐 GFC점 &quot;가츠나베&quot;,https://blog.naver.com/santajoajoa/222954121019,
943,역삼역 가성비 훌륭한 오마카세(스시마카세 역삼),https://blog.naver.com/rena1001/222946086388,
944,역삼역 베이커리에서 포장해온 빵으로 홈카페 레시피(Ft. 퍼햅스),https://blog.naver.com/kh750/222581820594,
945,"역삼역 마사지ㅣ피로야 가라, 역삼 상하이 마사지",https://blog.naver.com/photoharu/222661912796,
946,1075.[서울/역삼역/중식당]가연 - 운사04모임,https://blog.naver.com/mp5422/222649505331,
947,역삼역 와인바 ! 술안주 맛집 심퍼티쿠시,https://blog.naver.com/yo3ona/222163292984,
948,강남역 한우 맛집 역삼역 진씨화로 룸식당에서 한우랑 와규 다... ,https://blog.naver.com/wol1312/222990920469,
949,"라인빌딩 임대, 역삼역 강남역 사무실 (강남구 역삼동)",https://blog.naver.com/smspkkb/222693159024,
950,[역삼역 맛집] 분위기 좋은 무슈벤자민 프렌치 레스토랑 디너 코스,https://blog.naver.com/dlqufdldk18/222964303669,
951,역삼역 점심 이도곰탕 본점에서 뜨끈한 국밥으로 해결,https://blog.naver.com/tlstnwls9700/222950179795,
952,호타루 (역삼역 라멘 맛집),https://blog.naver.com/dearjune7/222640376321,
953,역삼역 호두붐 금돼지고로케 - 연돈 볼카츠보다 남,https://blog.naver.com/gypsyone/222947369023,
954,역삼역 카페 배드라핀 와인바로도 추천,https://blog.naver.com/yeahpple/222937489733,
955,"역삼역 점심 고등어조림, 두루치기가 맛있는 시래밥상",https://blog.naver.com/rudwn3505/222973378440,
956,비진도 해물뚝배기 :: 아는 사람만 아는 역삼 맛집 in 역삼역,https://blog.naver.com/gpwl4444/222723737055,
957,역삼역 호텔 &quot;역삼XYM호텔&quot; 럭셔리한 프리미어 호텔!,https://blog.naver.com/wongun1113/222964067330,
958,"한독빌딩 임대 정보, 역삼역 한독약품빌딩 사무실",https://blog.naver.com/smspkkb/222619134941,
959,역삼 샐러드 뱃살도둑 역삼점에서 식단 한 끼 / 역삼역 샐러드,https://blog.naver.com/fromjtoyou/222755511155,
960,강남역 역삼역 핫플 카페 추천 블루보틀 메뉴(윈터 싱글 오리진)... ,https://blog.naver.com/jmj3034/222974988222,
961,[역삼역 맛집] 역삼역 샐러드 혼밥 맛집 추천! 건강한 점심 시간... ,https://blog.naver.com/tjsghd1991/222729127786,
962,"포스코타워역삼 임대, 역삼역 대형빌딩 사무실",https://blog.naver.com/smspkkb/222638099824,
963,역삼역 가성비 점심 한식 맛집 킹콩생고기,https://blog.naver.com/lsh1000j/222933429580,
964,역삼역 떡볶이 봉구가래떡볶이 강남역삼점 점심 배달,https://blog.naver.com/choi6048/222783275198,
965,[역삼역 맛집 딤추천] 강남 프리미엄 다이닝 램브란트,https://blog.naver.com/hadimday/222987354397,
966,"[오빠랑] 강남역, 역삼역 숙성 돼지고기 맛집! 두껍삼",https://blog.naver.com/csora0511/222981309701,
967,"역삼역점심, 역삼역회식으로 딱이야! 역삼역 트라가 스페인... ",https://blog.naver.com/jihee7070/222966971960,
968,애견동반 가능한 역삼역 디저트 카페 추천 : 커피프릭스 (feat.... ,https://blog.naver.com/daesuk217/222691601041,
969,[역삼동 맛집] 삼겹살 역삼역 고기집 연말모임에 딱 &apos;세청집&apos;,https://blog.naver.com/happylife5522/222962275638,
970,역삼역 나주가에서 나주곰탕을 먹어치우다!,https://blog.naver.com/minar12/222623393083,
971,강남 수제버거 맛집 다시 찾게 되는 역삼역 캐스터네츠... ,https://blog.naver.com/goindol71/222882886607,
972,"[역삼역 맛집, 하몽하몽이베리코] 육즙 터지는 역삼역 고기집",https://blog.naver.com/qotndhrqo/222692478263,
973,"치즈호두과자, 슈크림호두과자 역삼역 3번출구 호두붐",https://blog.naver.com/zzimegg/222169487381,
974,역삼역 전자담배 선물위해서 방문하게된 카우베이프 후기!!,https://blog.naver.com/bogummy0105/222971955673,
975,"동궁빌딩 임대, 역삼역 사무실 (강남 역삼동)",https://blog.naver.com/smspkkb/222620049402,
976,역삼역 점심 철판쭈꾸미 뿔난황소곱창 런치메뉴,https://blog.naver.com/travelhola/222596001683,
977,역삼역 룸식당: 생참치 맛집 마구로센,https://blog.naver.com/mental_pig/222567869765,
978,역삼역 &apos;소돼지불맛집&apos; 짬뽕에 갈비 먹는거 봤냐고,https://blog.naver.com/seulleel93/222741206944,
979,강남역/역삼역 고사리 가득 냉삼 회식 맛집 세청집 내돈내산 후기,https://blog.naver.com/sunny_0313/222982568389,
980,역삼역 예손 마시지샵,https://blog.naver.com/variationart/222904022512,
981,"강남 역삼역 맛집 마노디 셰프, 최근 먹은 이탈리아 음식 중 최고",https://blog.naver.com/wendymarket/222968759287,
982,강남역 헬스장 스포애니 강남역1호점 역삼역에서도 간다,https://blog.naver.com/tsslove/222986442609,
983,[강남 역삼역] 퍼스널컬러 여름쿨톤이라니 (충격) 컬러연 진단... ,https://blog.naver.com/ex5852/222991015162,
984,"[강남,역삼동,역삼역/류경회관] 예전 평양옥이 상호를 바꿨네요... ",https://blog.naver.com/hdhdd/222856635180,
985,역삼역 맛집 &lt;갓포돈&gt; 돈카츠,https://blog.naver.com/pumpkinpant/222567033594,
986,[역삼 마라탕]마라와라 후기: 주기적으로 먹어줘야하는 역삼역... ,https://blog.naver.com/sy5316/222731693079,
987,[서울강남/맛집] 역삼역 유럽 소세지 샤퀴테리 &apos;호샤퀴테리에&apos;,https://blog.naver.com/bmj1146/222987868367,
988,욕조 큰 호텔 추천/ 역삼동 2성급 호텔 [리치웰]/ 역삼역 호텔,https://blog.naver.com/rkdud0089/222976172018,
989,역삼역 호텔 역삼동 숙소 호텔스타 프리미어 역삼,https://blog.naver.com/ksi54/222603205409,
990,역삼역 헬스장 만족스러워요,https://blog.naver.com/chueatchu/222608440878,
991,"[맛집] 데일리픽스(강남역, 역삼역 수제버거)",https://blog.naver.com/knowinglaws/222957939502,
992,"역삼역 원골프 아카데미, 역삼 골프연습장 추천",https://blog.naver.com/jminu310/222945909742,
993,"역삼역 내과 비타민 수액, 마늘주사, 피로회복",https://blog.naver.com/doctorbae75/222780242059,
994,강남 역삼역 훠궈 맛집 불이아 6번째 포스팅 ㅋ...•͈ᴗ•͈,https://blog.naver.com/dauh80/222245995476,
995,"역삼역 내과,급성장염 원인과 치료는?",https://blog.naver.com/doctorbae75/222774676451,
996,강남 역삼역 칼국수 조개찜 신상 맛집 조개랑&amp;칼국수,https://blog.naver.com/greenuni/222720070889,
997,[강남 일식집] 역삼역 초밥 김남완초밥집,https://blog.naver.com/hoyhoy901/222642563619,
998,역삼역 삼겹살 맛집 돝고기 506(★★★★☆),https://blog.naver.com/jihyeon7851/222680739913,
999,강남 수제버거 맛집 / 역삼역 버거 / 캐스터네츠 강남N점,https://blog.naver.com/thormommy/222840855023,
1000,[역삼역 사진관 포토위크] 역삼역 여권사진 잘 찍는 곳 찾으시면... ,https://blog.naver.com/miyeon614/222985384476,
1001,"[강남,역삼동,역삼역/밸런스포케] 요즘 여기저기에서 보이는... ",https://blog.naver.com/hdhdd/222841317212,
1002,[역삼역 맛집] 식단은 해야겠고 외식은 하고싶고ㅠ... ,https://blog.naver.com/gogel0118/222980504984,
1003,언주역 디저트 카페 역삼역 지오바네커피 티라미스 맛집,https://blog.naver.com/rudals701/222975638219,
1004,역삼역 인도커리 강가 맛집인데 재방문은 글쎄,https://blog.naver.com/ysl6161015/222958690830,
1005,"역삼역 맛집, 하몽하몽 이베리코, 역삼역 회식장소 추천",https://blog.naver.com/tjghtjr1000/222965162649,
1006,"[역삼역/강남 카페] 달콤커피 역삼점 메뉴, 매장 리뷰",https://blog.naver.com/birdon806/222959367404,
1007,역삼 맛집 │ 역삼역 덮밥 추천 &apos;토끼회관&apos;,https://blog.naver.com/asianbeautyme/222947346787,
1008,이색적인 숙성 돼지고기! 역삼역 &lt;돝고기506&gt;,https://blog.naver.com/mrbaek0119/222589840134,
1009,조용한 강남 소개팅 맛집 / 역삼역 파스타 짱맛인 &apos;디스팅트... ,https://blog.naver.com/seriring430/222774639545,
1010,"역삼역 점심 혼밥, 무난한 라멘과 함께! 일식집 탄 리뷰",https://blog.naver.com/midnight4510471/222961056004,
1011,단골각인 역삼역 맛집 리스트,https://blog.naver.com/hhhrrr33/222033314539,
1012,역삼역 고기집 호보식당 마늘갈비와 육회 맛집 회식장소로... ,https://blog.naver.com/jja2896/222743721440,
1013,역삼역 맛집 : 봉우리 한정식 식객정식(ft.강남룸식당),https://blog.naver.com/zjavbxj5175/222687446607,
1014,역삼역 돈까스 맛집 | 치즈돈까스가 맛있는 &quot;호천당&quot;,https://blog.naver.com/jennie_lee7/222963030140,
1015,"강남파이낸스센터(GFC)임대,역삼역 랜드마크빌딩 사무실",https://blog.naver.com/goodjob3270/222989680867,
1016,"역삼역 곰탕 맛집 거자필반, 깊이감 남다른 맑은 곰탕",https://blog.naver.com/jiyunni/222972123553,
1017,[커피프릭스/역삼역 카페],https://blog.naver.com/baboname/222584668131,
1018,역삼역 중국집 직장인 점심 추천 도야짬뽕,https://blog.naver.com/travelhola/222552289417,
1019,역삼역 고기집 하몽하몽이베리코 육즙폭팔 삼겹살,https://blog.naver.com/wdb1206/222936896197,
1020,[역삼역 헬스장]스파르탄레이스 준비,https://blog.naver.com/seoulcitycrew/222986115904,
1021,[강남/역삼역 맛집] 삼겹살이 맛있는 &quot;하몽하몽이베리코 역삼점&quot;,https://blog.naver.com/khn8144/222980924421,
1022,역삼역 맛집 갈비다움 역삼본점 매운갈비찜,https://blog.naver.com/promising9/222546151026,
1023,역삼역 브런치 카페 카페413프로젝트,https://blog.naver.com/yeonjuv/222974399500,
1024,[역삼역 직장인 점심 맛집 3] 타이밍을 잘 맞춰가요!_ 역삼... ,https://blog.naver.com/lenafeliz/222987279083,
1025,[강남/역삼역/역삼동] 안주가 맛있는 술집 아리네술상,https://blog.naver.com/skfskf0827/222974280898,
1026,[역삼역/카페/해머스미스커피] 가성비 만점 카페!,https://blog.naver.com/sijifs/222532521996,
1027,역삼역 술집 포차 분위기가 물씬나는 곳,https://blog.naver.com/ikqm77/222975447855,
1028,"역삼역 샐러드 / 밸런스포케, 건강하고 맛있는 한 끼 (포장)",https://blog.naver.com/bright_kwon/222676150769,
1029,역삼역PT 피티아지트 역삼헬스장추천,https://blog.naver.com/miwako1212/222578851697,
1030,"역삼역 카페 / 아티제, 애플망고빙수, 달달한 여름의 맛 (아티제... ",https://blog.naver.com/bright_kwon/222801908779,
1031,역삼역 일식집 :: 룸이 있는 식당 해담일식 대게마을,https://blog.naver.com/yonseiqueen/222805266260,
1032,"가다실9가 예방접종, 역삼역 내과",https://blog.naver.com/doctorbae75/222741561732,
1033,역삼역 먹부림 ◡̈,https://blog.naver.com/ruri_89/222975010768,
1034,역삼역 카페 카미더가든 갤러리 &amp; 카페 / 일루민 작가 사진전... ,https://blog.naver.com/byeohun90/222973795783,
1035,역삼역 브런치 하기 좋은 곳/빌즈(bills) 강남 초역세권,https://blog.naver.com/icecubebst/222979330713,
1036,역삼역 속눈썹 추천!! 리브아이래쉬 강추(후기 사진有),https://blog.naver.com/7hyj7/222621700094,
1037,역삼역 보양식 늬낌 만두전골 맛집 ‘평가옥’,https://blog.naver.com/muksisters3/222939976128,
1038,강남디저트카페 : 역삼역 지오바네커피 (feat.티라미수),https://blog.naver.com/daesuk217/222708402663,
1039,역삼역 가성비 저렴한 도시락 맛집 한솥도시락,https://blog.naver.com/lsh1000j/222961076659,
1040,[역삼동 투룸 매매/역삼역]역삼동 역삼성당인근 프리빌리지... ,https://blog.naver.com/zest060/222782789076,
1041,역삼역PT 손피티 규현쌤의 대회 출전 이야기 EP.6,https://blog.naver.com/skinesspt/222906506538,
1042,"역삼역 왁싱 ,강남왁싱 [리브왁싱&amp;아이래쉬]",https://blog.naver.com/goosgi/222956663691,
1043,[역삼역 미용실 - 꼬모도] 태슬컷 / 단발머리 매직 추천... ,https://blog.naver.com/comodohair00/222984026450,
1044,"역삼역 전봇대- 궁금했던 국수 전문점(feat. 라면, 김밥)",https://blog.naver.com/sagak815/222638774945,
1045,역삼역 분위기 좋은 대형 카페 타우너스 에스프레소바,https://blog.naver.com/summer_0830/222955447912,
1046,2호선 역삼역,https://blog.naver.com/yeogistation/222567089515,
1047,역삼역 맛집 추울 땐 칼만두국 서울집에서,https://blog.naver.com/theuhakus/222610124954,
1048,역삼역 근처 워크토크에서 일 얘기 하기,https://blog.naver.com/200678/222977869459,
1049,아방베이커리 역삼역 센터필드점 빵 맛집 소개,https://blog.naver.com/cen2704/222948547991,
1050,역삼역 맛집 강남 스페인 요리 &apos;트라가&apos; 분위기 좋아!,https://blog.naver.com/r71223/222337927565,
1051,"역삼역 맛집, &apos;뽕사부 역삼점&apos; 불맛나는 얼큰한 짬뽕으로... ",https://blog.naver.com/hyde_1969/222928819376,
1052,"역삼역 사무실임대 , 가깝고 외관좋고 내부시설 유리룸까지... ",https://blog.naver.com/leestar1355/222969923460,
1053,"[역삼역 빵집] 바나나푸딩에 찍어먹는 바게트 맛집, 생활의 달인... ",https://blog.naver.com/blackstone92/222841360231,
1054,LG 아트센터 맛집 진가와 역삼역 회식장소로 좋은,https://blog.naver.com/o_luvp/222674861212,
1055,[역삼카페] 역삼역 샌드위치 맛집 417 사하나칠 카페,https://blog.naver.com/rvd_romi/222757141501,
1056,역삼역 고기집 그릴640 쾌적하고 예쁜 강남 회식장소로 추천해요,https://blog.naver.com/eunji93115/222945196131,
1057,강남N점-육즙 터지는 하모니 치즈버거 역삼역 버거 추천!!,https://blog.naver.com/choijg0921/222781002397,
1058,역삼역 밥집 달래해장 단체 회식 장소 추천!,https://blog.naver.com/bemasoul123/222965069117,
1059,강남사무실임대 역삼역 근처 럭셔리 인테리어 사무실 단기 가능,https://blog.naver.com/thehouse4989/222968718942,
1060,역삼역 초밥 &quot;김남완초밥집&quot;강남 일식집,https://blog.naver.com/yoorican/222567920136,
1061,"강남 역삼역 전봇대, 식사와 안주를 즐길 수 있는 노포 맛집",https://blog.naver.com/hyoooooo_/222984025771,
1062,구워주는 역삼역 고기집 목살스테이크 : 그릴640,https://blog.naver.com/dulcexo/222947576742,
1063,역삼역 고기집 양념돼지갈비와 냉면의 환상 콜라보 역삼갈비,https://blog.naver.com/smile_zz/222681104143,
1064,역삼역 가성비 맥주집 생활맥주,https://blog.naver.com/enzacta123/222933740474,
1065,화인강남빌딩 임대 전용164 강남역 역삼역 도로변 대형사무실... ,https://blog.naver.com/pybboss/222749906639,
1066,송화 - 역삼역에서 한식 잘 하는 맛집,https://blog.naver.com/kiha0701/222526606290,
1067,역삼역 강남파이낸스센터 브런치 맛집 “ 플레어비 ”,https://blog.naver.com/brownieye/222964402657,
1068,강남파이낸스센터 임대 GFC빌딩 역삼역 사무실 테헤란로,https://blog.naver.com/coldwell25/222989096783,
1069,코로나 예방접종 역삼역 병원 및  4차 접종 기준은?,https://blog.naver.com/doctorbae75/222830109039,
1070,언주역 맛집 역삼역 카페 카미더가든,https://blog.naver.com/yl2631/222970982438,
1071,"역삼역 감자탕 / 원당감자탕, 점심 저녁 밥집 (feat.뼈해장국... ",https://blog.naver.com/bright_kwon/222650431030,
1072,역삼역 와인바 분위기 좋은 배드라핀,https://blog.naver.com/yedoll15/222931468687,
1073,강남 역삼역: 카페 413프로젝트(마당있는 분위기 좋은 카페),https://blog.naver.com/k2sb78/222933097052,
1074,역삼역 샐러드 추천 바디쉐프 아보카도김밥,https://blog.naver.com/arom282/222931796464,
1075,[역삼역 맛집] 강남제비  - 수제비 맛집,https://blog.naver.com/anpinisosyh/222988184695,
1076,"역삼역 점심 맛집, 도야짬뽕 메뉴가 다 맛있는 집 |내돈내산",https://blog.naver.com/darami0303/222948171860,
1077,역삼역 대로변 빌딩 1층상가 전용30 단기 깔세 임대  소개해요,https://blog.naver.com/pybboss/222644722233,
1078,"역삼역 직장인의 점심 투어 / 역삼역 7,8번출구 점심 맛집",https://blog.naver.com/jihye0212/222616391916,
1079,역삼역 쌀국수 디엔 (Dien Pho) 가성비 좋은 베트남요리 전문점,https://blog.naver.com/bitnagg/222976621783,
1080,[강남속눈썹펌] 브로우라미네이션 역삼역 래쉬플로라 에서... ,https://blog.naver.com/tjsghd1991/222701057197,
1081,역삼역 맛집 푸짐하게 즐긴 소고기!,https://blog.naver.com/dbtkddk85/222942125229,
1082,역삼역 맛집 : 조개랑 칼국수 조개찜 석화찜에 소주 한잔,https://blog.naver.com/shihtzu_love/222986505839,
1083,태평식당 역삼역 아침식사 맛있는 가정식 백반집 추천,https://blog.naver.com/kmj7235/222979895513,
1084,"성곡빌딩 임대, 역삼동 사무실 (역삼역 전용57py)",https://blog.naver.com/smspkkb/222629422196,
1085,[주말 강남 산책]역삼역에서 강남역까지 테헤란로를 걷다,https://blog.naver.com/unviajero/222672387876,
1086,더오일오브쿠엔즈버킷 역삼역 센터필드 샐러드 맛집,https://blog.naver.com/queensbucket/222715412105,
1087,역삼역 피부과 고민에 따른 적합한 관리를 진행해야,https://blog.naver.com/mari098b/222937194587,
1088,"역삼역 카페 타우너스 에스프레소바, 솔티드 콘파냐에 반했다",https://blog.naver.com/wnddygod/222956005793,
1089,[역삼역 센터필드] 태국음식 맛집 &apos;소이연남&apos;,https://blog.naver.com/jangbyjang/222675161913,
